customer_id,signup_date,age,gender,city,plan,tenure_months,monthly_charges,total_charges,support_tickets,last_login_days,satisfaction_score,churned,cancellation_reason
C00632,2020-10-12,69.0,Female,Chennai,Premium,58,77.93,4519.94,2,8,8.0,0,
C00635,2023-06-09,34.0,M,Pune,Standard,5,50.99,254.95,1,26,9.0,0,
C00964,2021-03-04,37.0,M,Mumbai,Premium,8,73.85,590.80,0,1,8.0,0,
C00626,2022-08-21,,F,Hyderabad,Basic,27,31.07,838.89,0,11,7.0,0,
C00366,2019-03-07,56.0,M,Delhi,Standard,41,40.46,1658.86,2,10,9.0,0,
C00721,2021-03-01,37.0,F,Mumbai,Standard,68,54.31,3693.08,0,14,9.0,0,
C00751,2021-08-09,38.0,Female,Kolkata,Basic,39,37.08,1446.12,0,18,9.0,0,
C00534,2023-04-21,43.0,F,Pune,Basic,41,32.9,1348.90,0,8,9.0,0,
C00520,2019-12-07,58.0,M,Hyderabad,Basic,25,34.99,874.75,1,15,9.0,0,
C00071,2019-12-26,,M,Bengaluru,Basic,51,24.13,1230.63,2,1,5.0,0,
C00946,2022-02-17,34.0,Male ,Jaipur,Standard,34,48.05,1633.70,1,3,8.0,0,
C00437,2021-06-01,32.0,M,Kolkata,Premium,34,79.65,2708.10,1,22,9.0,0,
C00959,2021-01-20,38.0,male,Kolkata,Premium,17,80.4,1366.80,2,8,7.0,0,
C00441,2020-07-31,36.0,F,Bengaluru,Basic,15,26.79,401.85,1,7,8.0,0,
C00250,2021-07-30,24.0,F,Bengaluru,Basic,56,15.64,875.84,1,30,7.0,0,
C00616,2022-07-15,23.0,Female,Pune,Standard,35,55.63,1947.05,1,10,9.0,0,
C00645,2022-01-24,34.0,F,Bengaluru,Premium,37,69.45,2569.65,1,4,6.0,0,
C00553,2019-07-24,42.0,M,Chennai,Basic,8,27.86,222.88,2,7,6.0,1,service
C00550,2020-03-13,46.0,F,Bengaluru,Standard,69,44.2,3049.80,1,11,7.0,0,
C00102,2019-01-28,54.0,M,Bengaluru,Basic,54,24.3,1312.20,1,17,6.0,0,
C00266,2022-02-19,50.0,M,Bengaluru,Standard,39,53.37,2081.43,2,19,7.0,1,moved
C00732,2023-11-06,199.0,F,Kolkata,Standard,33,50.63,1670.79,1,12,9.0,0,
C00214,2019-11-02,32.0,Male ,Jaipur,Standard,57,56.19,3202.83,2,14,7.0,0,
C00605,2019-03-09,30.0,M,Hyderabad,Premium,68,,4821.88,0,5,9.0,0,
C00598,2019-01-05,48.0,F,Kolkata,Premium,70,54.93,3845.10,1,20,8.0,0,
C00255,2020-01-05,35.0,M,Pune,Basic,54,21.78,1176.12,1,18,7.0,0,
C00831,2019-12-04,43.0,F,Mumbai,Standard,37,50.18,1856.66,1,7,7.0,0,
C00290,2022-08-17,37.0,Female,Pune,Standard,16,52.74,843.84,1,14,7.0,0,
C00555,2022-05-07,37.0,F,Pune,Standard,67,48.89,3275.63,3,16,6.0,0,
C00890,2022-04-28,18.0,F,Pune,Premium,35,62.96,2203.60,0,11,9.0,0,
C00469,2021-01-17,51.0,F,Hyderabad,Standard,39,54.35,2119.65,0,7,9.0,0,
C00351,2019-11-01,42.0,F,Delhi,Basic,19,32.85,624.15,2,3,7.0,1,price
C00097,2021-09-29,22.0,F,Bengaluru,Premium,23,57.29,1317.67,3,3,7.0,0,
C00545,2022-05-31,35.0,M,Chennai,Basic,8,25.11,200.88,0,7,9.0,0,
C00992,2020-04-25,56.0,M,Chennai,Premium,23,73.76,1696.48,2,14,8.0,0,
C00077,2020-08-24,33.0,male,Kolkata,Standard,13,51.72,672.36,1,19,7.0,0,
C00299,2021-03-28,18.0,M,Kolkata,Basic,12,16.91,202.92,2,12,6.0,1,competitor
C00210,2020-04-22,34.0,F,Hyderabad,Standard,49,34.76,1703.24,0,8,8.0,0,
C00704,2021-02-02,37.0,M,Chennai,Basic,51,30.52,1556.52,0,9,10.0,0,
C00159,2021-06-02,32.0,M,Bengaluru,Standard,21,40.32,846.72,0,4,8.0,0,
C00501,2019-01-02,54.0,female,Jaipur,Standard,58,,3326.88,3,8,5.0,0,
C00276,2019-02-11,43.0,F,Hyderabad,Basic,19,,572.09,0,4,8.0,0,
C00335,2023-11-02,38.0,M,Bengaluru,Premium,28,60.72,1700.16,0,22,10.0,0,
C00599,2019-02-01,41.0,F,Delhi,Premium,6,73.38,440.28,2,7,7.0,1,unknown
C00782,2023-04-14,37.0,F,Kolkata,Basic,29,27.64,801.56,1,7,8.0,0,
C00706,2021-05-01,26.0,F,Bengaluru,Basic,22,17.15,377.30,0,15,,0,
C00487,2019-05-23,29.0,male,Kolkata,Basic,58,19.55,1133.90,1,9,10.0,0,
C00661,2020-01-02,18.0,F,Pune,Premium,70,89.25,6247.50,1,5,8.0,0,
C00888,2022-04-01,33.0,F,Pune,Standard,36,47.42,1707.12,0,4,9.0,0,
C00882,2021-04-28,49.0,F,Chennai,Basic,37,26.72,988.64,2,2,7.0,0,
C00446,2022-08-16,20.0,M,Pune,Premium,60,71.41,4284.60,1,9,8.0,0,
C00322,2019-11-01,36.0,M,Delhi,Basic,14,31.99,447.86,0,8,10.0,0,
C00060,2021-10-28,50.0,F,Kolkata,Premium,24,68.84,1652.16,2,16,8.0,1,competitor
C00630,2019-04-24,18.0,M,Kolkata,Premium,9,66.88,601.92,1,19,9.0,0,
C00933,2021-04-04,52.0,F,Kolkata,Standard,67,42.14,2823.38,2,15,,0,
C00334,2021-07-16,26.0,female,Kolkata,Standard,40,45.06,1802.40,2,18,,0,
C00750,2021-06-17,27.0,F,Chennai,Basic,51,21.41,1091.91,0,9,8.0,0,
C00055,2022-12-19,,male,Mumbai,Basic,54,33.37,1801.98,0,7,7.0,0,
C00024,2023-10-16,36.0,F,Bengaluru,Standard,15,54.74,821.10,2,1,8.0,1,moved
C00031,2021-04-12,64.0,,Bengaluru,Standard,66,58.65,3870.90,1,15,6.0,0,
C00347,2023-05-29,31.0,M,Pune,Standard,45,60.4,2718.00,1,3,9.0,0,
C00434,2023-05-03,18.0,M,Pune,Standard,8,47.86,382.88,1,10,8.0,0,
C00011,2022-11-17,49.0,Female,Kolkata,Basic,60,19.39,1163.40,1,4,6.0,0,
C00689,2021-03-25,32.0,F,Bengaluru,Basic,26,15.49,402.74,4,1,3.0,0,
C00245,2020-09-19,64.0,M,Kolkata,Standard,17,42.03,714.51,3,5,7.0,1,price
C00315,2021-09-30,48.0,F,Chennai,Standard,14,50.4,705.60,2,4,,0,
C00450,2020-10-13,43.0,Male ,Mumbai,Standard,72,39.03,2810.16,1,17,,0,
C00200,2019-10-19,36.0,M,Chennai,Premium,71,74.86,5315.06,1,17,7.0,0,
C00592,2020-10-07,41.0,M,Bengaluru,Basic,56,15.0,840.00,1,7,8.0,0,
C00236,2022-09-14,30.0,M,Mumbai,Standard,7,45.92,321.44,4,4,4.0,1,unknown
C00108,2022-01-21,34.0,F,Kolkata,Standard,35,47.48,1661.80,0,14,8.0,0,
C00219,2019-04-25,,F,Bengaluru,Premium,68,58.1,3950.80,0,8,,0,
C00425,2020-06-08,27.0,M,Hyderabad,Standard,31,45.33,1405.23,0,2,8.0,0,
C00175,2020-01-21,23.0,M,Kolkata,Basic,52,20.31,1056.12,3,5,7.0,0,
C00852,2022-07-13,32.0,M,Kolkata,Premium,56,49.92,2795.52,1,4,,0,
C00523,2022-08-16,54.0,F,Delhi,Standard,39,32.62,1272.18,1,3,6.0,0,
C00295,2019-06-19,35.0,female,Pune,Standard,55,66.08,3634.40,0,17,9.0,0,
C00943,2019-04-30,44.0,Male ,Delhi,Basic,4,17.17,68.68,2,34,7.0,0,
C00040,2020-01-04,46.0,M,Kolkata,Basic,21,23.28,488.88,0,6,6.0,0,
C00855,2021-04-30,41.0,M,Kolkata,Basic,31,22.75,705.25,1,12,7.0,0,
C00793,2019-04-14,44.0,M,Bengaluru,Basic,61,21.98,1340.78,2,15,9.0,0,
C00850,2020-07-12,50.0,M,Kolkata,Basic,28,25.15,704.20,2,10,8.0,0,
C00067,2022-03-19,34.0,F,Hyderabad,Basic,40,41.17,1646.80,2,12,6.0,0,
C00281,2022-12-26,44.0,female,Bengaluru,Standard,39,32.06,1250.34,0,32,9.0,0,
C00068,2020-03-09,32.0,M,Hyderabad,Standard,2,31.12,62.24,2,14,6.0,0,
C00779,2023-07-20,39.0,F,Kolkata,Basic,21,22.3,468.30,0,5,10.0,0,
C00443,2020-04-19,42.0,F,Bengaluru,Premium,70,59.84,4188.80,2,2,6.0,0,
C00884,2022-05-09,24.0,F,Kolkata,Basic,32,28.89,924.48,2,11,7.0,0,
C00300,2019-05-07,42.0,M,Bengaluru,Basic,13,37.04,481.52,3,23,5.0,1,competitor
C00519,2023-10-04,49.0,F,Kolkata,Premium,70,62.33,4363.10,0,8,10.0,0,
C00333,2020-11-10,30.0,M,Bengaluru,Basic,54,20.73,1119.42,4,28,2.0,0,
C00921,2020-06-13,34.0,M,Kolkata,Standard,33,51.6,1702.80,3,28,,0,
C00974,2023-07-28,45.0,Female,Hyderabad,Standard,39,56.69,2210.91,1,2,6.0,0,
C00935,2021-06-10,42.0,M,Delhi,Basic,51,25.52,1301.52,0,14,8.0,0,
C00870,2020-10-08,37.0,Male ,Bengaluru,Premium,13,65.52,851.76,0,7,7.0,0,
C00925,2022-08-24,36.0,M,Chennai,Standard,56,35.02,1961.12,0,16,,0,
C00185,2020-10-18,43.0,M,Chennai,Premium,22,65.95,1450.90,0,8,10.0,0,
C00517,2023-02-05,46.0,M,Mumbai,Basic,27,43.65,1178.55,1,32,7.0,0,
C00089,2019-05-01,44.0,Male ,Pune,Basic,59,28.75,1696.25,0,22,8.0,0,
C00064,2019-03-05,45.0,,Mumbai,Premium,29,64.64,1874.56,0,33,,0,
C00837,2022-06-08,34.0,M,Kolkata,Basic,45,19.64,883.80,1,5,7.0,0,
C00579,2021-07-02,35.0,Female,Mumbai,Standard,68,42.47,2887.96,0,10,9.0,0,
C00216,2020-05-27,50.0,F,Hyderabad,Standard,60,48.96,2937.60,2,7,7.0,0,
C00755,2019-04-18,59.0,F,Bengaluru,Basic,45,29.37,1321.65,1,17,8.0,0,
C00260,2022-03-31,,F,Chennai,Premium,11,58.18,639.98,3,25,7.0,1,competitor
C00382,2022-03-19,54.0,F,Chennai,Standard,65,,2517.45,1,10,9.0,0,
C00381,2023-01-06,39.0,Male ,Hyderabad,Basic,61,30.06,1833.66,1,8,8.0,0,
C00894,2023-01-21,38.0,F,Mumbai,Standard,5,44.93,224.65,2,3,7.0,1,price
C00972,2022-12-19,37.0,M,Bengaluru,Premium,21,80.53,1691.13,0,25,5.0,0,
C00463,2020-01-08,19.0,M,Mumbai,Basic,67,22.65,1517.55,0,9,7.0,0,
C00747,2019-12-08,60.0,male,Kolkata,Basic,49,24.5,1200.50,0,4,8.0,0,
C00680,2020-07-22,36.0,M,Bengaluru,Premium,71,64.59,4585.89,2,2,7.0,0,
C00758,2023-03-03,48.0,F,Mumbai,Standard,68,52.27,3554.36,1,7,6.0,0,
C00998,2019-08-22,,Male ,Mumbai,Standard,51,54.1,2759.10,2,16,,0,
C00313,2022-03-04,59.0,Female,Pune,Standard,67,40.87,2738.29,1,31,9.0,0,
C00087,2020-01-16,32.0,M,Pune,Standard,32,48.52,1552.64,1,17,6.0,0,
C00297,2023-09-10,42.0,female,Hyderabad,Premium,25,61.29,1532.25,2,15,8.0,0,
C00999,2022-05-11,40.0,,Delhi,Basic,11,25.15,276.65,2,8,8.0,0,
C00654,2020-06-23,25.0,M,Jaipur,Basic,28,20.79,582.12,1,5,10.0,0,
C00821,2020-09-21,32.0,F,Delhi,Standard,11,61.49,676.39,1,16,7.0,1,service
C00137,2020-10-04,42.0,,Kolkata,Standard,10,52.44,524.40,3,2,3.0,1,service
C00878,2021-10-05,35.0,M,Chennai,Basic,36,16.84,606.24,0,6,8.0,0,
C00586,2021-07-09,62.0,F,Hyderabad,Basic,41,27.05,1109.05,0,6,9.0,0,
C00731,2023-02-05,43.0,M,Bengaluru,Basic,58,24.51,1421.58,1,3,9.0,0,
C00465,2022-10-09,25.0,M,Kolkata,Standard,58,46.82,2715.56,1,5,,0,
C00623,2021-03-15,41.0,M,Pune,Basic,66,33.42,2205.72,0,9,,0,
C00169,2019-10-21,36.0,M,Bengaluru,Standard,35,64.14,2244.90,0,11,8.0,0,
C00507,2021-04-14,67.0,Female,Chennai,Standard,20,57.69,1153.80,1,18,7.0,1,price
C00452,2019-03-25,42.0,M,Hyderabad,Basic,4,34.43,137.72,6,8,2.0,1,price
C00140,2021-12-13,73.0,M,Kolkata,Standard,10,39.52,395.20,0,33,9.0,0,
C00688,2021-01-09,56.0,Male ,Pune,Basic,46,17.66,812.36,2,10,6.0,0,
C00669,2022-12-25,32.0,Male ,Bengaluru,Basic,36,26.91,968.76,0,7,10.0,0,
C00860,2023-09-11,46.0,male,Kolkata,Standard,48,42.21,2026.08,2,9,5.0,0,
C00913,2022-02-26,45.0,F,Hyderabad,Basic,58,16.62,963.96,1,30,3.0,0,
C00514,2021-06-25,37.0,F,Chennai,Basic,48,21.12,1013.76,0,6,10.0,0,
C00536,2022-01-02,46.0,M,Pune,Premium,55,59.95,3297.25,2,33,5.0,0,
C00056,2020-02-17,30.0,Male ,Chennai,Basic,19,18.08,343.52,1,4,8.0,0,
C00121,2022-04-07,26.0,M,Kolkata,Basic,27,36.29,979.83,2,3,7.0,0,
C00533,2021-11-30,33.0,,Kolkata,Premium,57,65.95,3759.15,1,19,8.0,0,
C00026,2022-04-11,34.0,M,Mumbai,Premium,57,77.17,4398.69,2,8,6.0,0,
C00073,2023-10-13,27.0,Male ,Jaipur,Basic,70,15.0,1050.00,3,7,4.0,0,
C00045,2019-08-26,39.0,M,Delhi,Premium,54,70.46,3804.84,0,10,7.0,1,price
C00877,2020-04-12,38.0,Female,Chennai,Premium,43,60.8,2614.40,1,13,8.0,0,
C00399,2021-03-05,44.0,male,Delhi,Premium,2,68.17,136.34,3,5,7.0,1,moved
C00287,2023-05-27,41.0,F,Bengaluru,Standard,30,59.02,1770.60,1,6,7.0,0,
C00362,2023-04-13,43.0,male,Kolkata,Standard,38,49.64,1886.32,1,4,8.0,1,competitor
C00320,2022-12-11,,,Kolkata,Premium,63,62.92,3963.96,1,20,6.0,0,
C00199,2019-06-16,38.0,Female,Bengaluru,Basic,9,28.63,257.67,2,4,6.0,0,
C00848,2023-08-01,48.0,F,Pune,Basic,69,19.61,1353.09,0,10,8.0,0,
C00787,2021-02-06,39.0,F,Mumbai,Basic,41,24.69,1012.29,1,14,10.0,0,
C00364,2022-04-03,25.0,male,Bengaluru,Basic,23,19.68,452.64,3,25,6.0,1,price
C00696,2023-10-06,29.0,Male ,Kolkata,Basic,39,31.9,1244.10,3,10,5.0,0,
C00761,2023-01-10,53.0,F,Jaipur,Basic,67,18.18,1218.06,0,11,10.0,0,
C00238,2022-07-30,36.0,,Pune,Standard,12,53.31,639.72,0,11,10.0,0,
C00278,2022-05-27,25.0,M,Chennai,Standard,55,51.0,2805.00,3,7,6.0,0,
C00952,2019-12-14,43.0,F,Delhi,Standard,10,42.27,422.70,1,3,6.0,0,
C00319,2020-11-06,50.0,F,Jaipur,Standard,69,39.85,2749.65,1,9,7.0,0,
C00644,2020-03-24,40.0,M,Delhi,Basic,38,,1023.72,1,4,7.0,0,
C00328,2019-11-12,37.0,F,Pune,Premium,21,67.23,1411.83,0,4,,0,
C00061,2020-12-21,18.0,M,Kolkata,Standard,52,48.26,2509.52,1,8,8.0,0,
C00389,2021-05-29,41.0,F,Chennai,Basic,35,29.58,1035.30,0,47,8.0,0,
C00479,2019-10-03,38.0,female,Hyderabad,Basic,34,40.61,1380.74,0,5,10.0,0,
C00604,2021-10-08,30.0,M,Delhi,Standard,14,41.23,577.22,1,4,7.0,0,
C00451,2023-09-16,36.0,F,Bengaluru,Premium,32,71.96,2302.72,1,6,7.0,0,
C00826,2020-02-29,38.0,male,Chennai,Premium,39,68.88,2686.32,0,9,10.0,0,
C00378,2023-08-13,18.0,Female,Hyderabad,Premium,47,62.28,2927.16,0,29,10.0,0,
C00947,2023-03-22,42.0,F,Kolkata,Basic,39,29.2,1138.80,0,4,10.0,0,
C00637,2021-01-31,36.0,male,Pune,Basic,51,23.77,1212.27,1,42,7.0,0,
C00698,2019-04-30,26.0,Male ,Pune,Basic,72,30.02,2161.44,1,6,7.0,0,
C00991,2021-05-12,48.0,F,Delhi,Basic,18,22.57,406.26,0,2,10.0,0,
C00797,2022-01-28,50.0,F,Mumbai,Basic,23,15.0,345.00,0,13,9.0,0,
C00549,2020-09-12,46.0,F,Chennai,Basic,48,27.18,1304.64,2,13,8.0,0,
C00724,2019-08-30,1.0,F,Chennai,Basic,39,28.43,1108.77,1,7,10.0,0,
C00842,2019-12-06,38.0,Male ,Delhi,Premium,7,66.32,464.24,0,7,8.0,0,
C00111,2019-12-12,43.0,F,Delhi,Standard,51,62.27,3175.77,0,30,5.0,0,
C00532,2022-04-04,27.0,F,Hyderabad,Standard,16,41.63,666.08,1,30,7.0,0,
C00494,2019-09-21,43.0,M,Mumbai,Standard,30,45.95,1378.50,1,3,7.0,0,
C00883,2021-09-05,25.0,F,Jaipur,Standard,68,37.57,2554.76,2,7,6.0,1,service
C00261,2019-07-11,35.0,Female,Kolkata,Basic,5,30.18,150.90,2,20,5.0,0,
C00480,2020-09-04,69.0,male,Mumbai,Basic,10,15.0,150.00,1,14,7.0,0,
C00812,2021-01-21,31.0,M,Bengaluru,Premium,18,61.04,1098.72,1,18,5.0,0,
C00478,2019-03-21,24.0,M,Kolkata,Basic,43,26.47,1138.21,0,18,9.0,0,
C00433,2023-06-19,36.0,F,Chennai,Premium,55,47.12,2591.60,2,7,7.0,0,
C00791,2019-11-22,29.0,M,Pune,Premium,14,62.39,873.46,0,7,9.0,0,
C00741,2021-12-21,50.0,M,Chennai,Basic,37,25.68,950.16,3,11,6.0,0,
C00529,2021-05-03,41.0,M,Bengaluru,Basic,70,30.92,2164.40,1,5,8.0,0,
C00737,2022-11-12,47.0,M,Kolkata,Standard,21,54.67,1148.07,0,9,10.0,0,
C00138,2023-11-10,48.0,M,Mumbai,Standard,61,38.83,2368.63,1,7,8.0,0,
C00953,2021-08-05,44.0,M,Delhi,Premium,28,65.86,1844.08,1,10,6.0,1,competitor
C00372,2020-02-23,54.0,F,Kolkata,Basic,1,35.95, ,2,13,6.0,1,unknown
C00949,2022-07-04,43.0,F,Kolkata,Basic,44,31.34,1378.96,0,2,7.0,0,
C00759,2023-04-03,46.0,female,Bengaluru,Basic,46,,726.34,1,2,8.0,0,
C00248,2022-01-25,60.0,F,Bengaluru,Basic,32,39.73,1271.36,1,20,7.0,0,
C00929,2023-08-30,35.0,male,Kolkata,Standard,32,44.68,1429.76,2,6,8.0,0,
C00324,2022-09-04,47.0,M,Mumbai,Basic,16,18.16,290.56,2,13,7.0,0,
C00466,2019-01-16,32.0,F,Hyderabad,Premium,71,77.8,5523.80,1,14,7.0,0,
C00209,2021-05-21,27.0,Female,Pune,Premium,27,49.72,1342.44,1,13,6.0,0,
C00707,2020-02-23,27.0,F,Bengaluru,Basic,38,19.21,729.98,2,20,7.0,0,
C00668,2020-12-01,44.0,F,Mumbai,Premium,14,,1108.94,1,29,7.0,1,unknown
C00211,2021-08-11,49.0,,Mumbai,Standard,55,36.74,2020.70,1,24,7.0,0,
C00583,2019-07-07,34.0,M,Kolkata,Basic,72,26.36,1897.92,2,10,,0,
C00079,2023-01-30,46.0,F,Kolkata,Basic,62,36.92,2289.04,2,6,6.0,0,
C00030,2022-11-30,43.0,female,Kolkata,Standard,18,40.19,723.42,2,15,8.0,0,
C00873,2021-03-18,47.0,F,Pune,Basic,55,18.55,1020.25,1,23,7.0,0,
C00910,2021-06-15,25.0,F,Bengaluru,Standard,35,36.41,1274.35,1,14,8.0,0,
C00828,2019-12-14,37.0,M,Bengaluru,Standard,46,36.93,1698.78,1,4,8.0,0,
C00651,2022-07-01,60.0,M,Bengaluru,Basic,46,19.64,903.44,1,11,5.0,0,
C00293,2022-12-04,56.0,F,Pune,Standard,70,43.69,3058.30,1,15,6.0,0,
C00166,2020-07-10,27.0,M,Pune,Premium,57,78.12,4452.84,1,9,9.0,0,
C00568,2022-05-13,30.0,male,Bengaluru,Premium,54,72.11,3893.94,2,8,10.0,0,
C00843,2022-03-18,59.0,M,Chennai,Standard,34,51.23,1741.82,2,9,9.0,0,
C00468,2019-04-12,61.0,F,Mumbai,Premium,36,70.81,2549.16,2,13,6.0,0,
C00066,2023-01-14,48.0,F,Mumbai,Premium,50,62.5,3125.00,0,17,10.0,0,
C00142,2021-12-29,26.0,Female,Pune,Standard,56,57.3,3208.80,2,11,7.0,0,
C00988,2022-04-24,42.0,F,Mumbai,Basic,11,36.37,400.07,4,5,4.0,1,service
C00838,2021-09-27,55.0,female,Kolkata,Basic,69,34.08,2351.52,1,5,7.0,0,
C00686,2023-05-18,32.0,M,Hyderabad,Basic,63,17.99,1133.37,1,14,,0,
C00329,2019-01-17,24.0,Male ,Jaipur,Standard,19,33.99,645.81,0,13,9.0,1,competitor
C00812,2021-01-21,31.0,M,Bengaluru,Premium,18,61.04,1098.72,1,18,5.0,0,
C00528,2022-08-11,40.0,F,Pune,Standard,53,42.84,2270.52,0,16,9.0,0,
C00918,2019-07-20,44.0,F,Hyderabad,Standard,57,30.13,1717.41,0,9,9.0,0,
C00596,2021-01-21,33.0,F,Pune,Basic,39,24.93,972.27,1,11,9.0,0,
C00222,2020-01-22,41.0,M,Pune,Basic,24,31.68,760.32,3,9,,0,
C00262,2020-08-20,35.0,F,Kolkata,Standard,62,38.35,2377.70,1,6,8.0,0,
C00311,2020-06-20,52.0,F,Kolkata,Standard,13,44.13,573.69,2,15,8.0,1,price
C00911,2019-04-15,29.0,M,Bengaluru,Standard,52,31.19,1621.88,1,27,7.0,0,
C00308,2023-09-25,54.0,Male ,Pune,Basic,10,20.39,203.90,3,8,,1,price
C00050,2022-10-13,,female,Bengaluru,Standard,51,54.19,2763.69,1,3,8.0,0,
C00752,2019-08-15,34.0,F,Kolkata,Premium,60,56.4,3384.00,2,17,7.0,0,
C00003,2021-04-05,47.0,M,Chennai,Standard,29,44.71,1296.59,1,15,6.0,0,
C00712,2020-02-06,46.0,male,Mumbai,Basic,68,25.69,1746.92,1,11,9.0,0,
C00356,2019-07-06,41.0,F,Bengaluru,Basic,41,29.43,1206.63,1,4,7.0,0,
C00915,2022-12-17,50.0,Female,Bengaluru,Standard,52,49.81,2590.12,1,27,7.0,0,
C00543,2022-09-05,,F,Chennai,Basic,14,18.9,264.60,0,22,7.0,0,
C00774,2020-03-16,54.0,male,Kolkata,Standard,35,42.04,1471.40,0,14,,0,
C00627,2021-12-29,33.0,F,Kolkata,Basic,10,26.05,260.50,1,34,10.0,0,
C00714,2022-06-07,38.0,M,Hyderabad,Basic,61,24.07,1468.27,0,15,10.0,0,
C00584,2021-10-20,25.0,Female,Bengaluru,Basic,27,22.68,612.36,2,27,5.0,1,service
C00034,2019-05-16,28.0,M,Bengaluru,Standard,10,45.99,459.90,0,13,9.0,0,
C00032,2021-07-04,33.0,Male ,Kolkata,Basic,49,26.73,1309.77,1,1,9.0,0,
C00232,2022-03-16,31.0,M,Kolkata,Premium,11,64.4,708.40,3,6,5.0,0,
C00757,2021-09-10,27.0,M,Pune,Standard,27,50.93,1375.11,0,4,9.0,0,
C00193,2021-03-28,33.0,M,Hyderabad,Premium,3,68.88,206.64,1,18,8.0,1,competitor
C00881,2020-02-21,41.0,Male ,Hyderabad,Basic,3,15.0,45.00,2,5,8.0,1,competitor
C00004,2020-07-03,49.0,Male ,Pune,Premium,25,64.2,1605.00,0,32,8.0,0,
C00205,2023-11-20,18.0,Female,Bengaluru,Standard,13,46.13,599.69,0,20,6.0,0,
C00495,2019-01-04,34.0,F,Bengaluru,Standard,32,47.54,1521.28,0,8,9.0,0,
C00582,2022-06-16,,F,Mumbai,Basic,64,44.77,2865.28,0,39,7.0,0,
C00482,2020-09-24,55.0,F,Kolkata,Basic,24,27.44,658.56,2,21,8.0,0,
C00110,2019-11-20,18.0,male,Kolkata,Basic,33,18.33,604.89,1,9,7.0,0,
C00291,2021-05-01,35.0,M,Kolkata,Basic,47,29.61,1391.67,2,9,6.0,1,service
C00078,2023-01-05,40.0,Male ,Kolkata,Standard,68,56.48,3840.64,1,10,7.0,0,
C00085,2019-12-13,24.0,F,Pune,Basic,51,17.47,890.97,0,16,8.0,0,
C00360,2022-02-15,36.0,,Hyderabad,Basic,20,23.66,473.20,1,6,8.0,0,
C00083,2022-01-20,34.0,,Kolkata,Standard,62,58.46,3624.52,1,15,8.0,0,
C00257,2020-09-02,43.0,Male ,Pune,Basic,25,23.12,578.00,1,27,6.0,0,
C00353,2022-03-31,31.0,Male ,Hyderabad,Basic,8,17.03,136.24,0,8,10.0,0,
C00371,2020-12-07,38.0,female,Hyderabad,Basic,27,36.45,984.15,3,9,4.0,0,
C00405,2022-03-13,44.0,male,Kolkata,Basic,8,27.43,219.44,1,23,6.0,0,
C00526,2019-06-10,33.0,F,Chennai,Premium,12,49.21,590.52,0,8,9.0,0,
C00310,2020-02-02,150.0,M,Bengaluru,Basic,48,36.84,1768.32,2,2,6.0,0,
C00823,2021-07-27,24.0,Male ,Chennai,Standard,27,52.81,1425.87,1,1,10.0,1,price
C00282,2023-02-20,18.0,M,Mumbai,Standard,55,40.73,2240.15,0,8,9.0,0,
C00006,2021-10-12,22.0,female,Delhi,Premium,30,65.86,1975.80,1,16,7.0,0,
C00409,2020-06-04,18.0,male,Mumbai,Basic,6,22.34,134.04,3,6,5.0,1,service
C00671,2022-01-31,47.0,M,Delhi,Standard,14,37.73,528.22,2,5,8.0,0,
C00098,2019-09-15,26.0,F,Jaipur,Standard,61,55.13,3362.93,0,7,9.0,0,
C00306,2020-12-14,25.0,F,Jaipur,Basic,72,25.09,1806.48,2,20,7.0,0,
C00363,2020-06-30,50.0,F,Kolkata,Basic,12,30.85,370.20,0,2,8.0,0,
C00899,2022-11-04,44.0,F,Kolkata,Basic,52,22.78,1184.56,0,6,9.0,0,
C00267,2020-08-14,40.0,M,Bengaluru,Standard,33,41.24,1360.92,0,26,,0,
C00426,2019-01-20,34.0,F,Kolkata,Standard,15,,812.10,1,16,7.0,0,
C00763,2021-02-12,47.0,M,Pune,Basic,22,27.07,595.54,0,9,7.0,0,
C00307,2020-05-04,,male,Kolkata,Standard,62,44.55,2762.10,0,28,6.0,0,
C00927,2020-10-30,36.0,female,Pune,Standard,22,58.37,1284.14,1,27,9.0,0,
C00498,2020-11-06,34.0,female,Mumbai,Basic,46,20.12,925.52,0,8,9.0,0,
C00119,2021-11-14,57.0,M,Kolkata,Basic,34,33.31,1132.54,1,8,10.0,0,
C00784,2021-12-25,49.0,M,Bengaluru,Standard,7,41.08,287.56,1,16,,0,
C00251,2020-07-24,34.0,Male ,Chennai,Premium,8,54.58,436.64,5,9,1.0,1,price
C00352,2021-06-13,48.0,male,Kolkata,Basic,55,32.76,1801.80,3,10,5.0,0,
C00010,2019-07-14,28.0,male,Kolkata,Standard,10,51.52,515.20,4,15,3.0,1,service
C00197,2019-02-09,46.0,M,Kolkata,Basic,50,29.07,1453.50,0,5,10.0,0,
C00612,2022-06-11,41.0,F,Hyderabad,Basic,8,32.5,260.00,2,8,7.0,0,
C00082,2022-05-09,30.0,female,Bengaluru,Basic,24,35.63,855.12,2,19,6.0,0,
C00383,2019-06-21,19.0,M,Pune,Standard,7,69.48,486.36,1,11,8.0,1,service
C00484,2020-09-04,45.0,female,Bengaluru,Standard,14,45.23,633.22,2,0,8.0,0,
C00681,2021-01-18,48.0,M,Pune,Basic,18,29.37,528.66,1,6,8.0,0,
C00240,2019-07-18,,M,Hyderabad,Standard,39,46.41,1809.99,0,16,9.0,0,
C00904,2020-01-30,57.0,M,Pune,Basic,71,24.41,1733.11,1,3,7.0,1,competitor
C00212,2022-07-29,22.0,Female,Bengaluru,Standard,26,44.49,1156.74,4,8,4.0,0,
C00907,2020-10-16,,male,Pune,Basic,36,21.0,756.00,2,9,6.0,0,
C00531,2021-12-01,34.0,F,Kolkata,Premium,63,62.17,3916.71,0,7,9.0,0,
C00785,2019-09-01,38.0,Male ,Pune,Premium,53,68.16,3612.48,0,14,7.0,0,
C00228,2019-10-19,61.0,F,Kolkata,Basic,36,27.42,987.12,2,34,7.0,0,
C00867,2019-02-23,22.0,M,Kolkata,Standard,56,46.42,2599.52,0,1,,0,
C00345,2021-09-10,57.0,,Bengaluru,Standard,27,,1189.89,1,10,9.0,0,
C00807,2019-09-01,36.0,M,Chennai,Basic,48,33.59,1612.32,4,11,,0,
C00934,2022-05-12,0.0,M,Kolkata,Standard,70,36.15,2530.50,1,16,8.0,0,
C00429,2022-04-17,21.0,M,Hyderabad,Basic,3,29.35,88.05,4,10,3.0,0,
C00542,2019-03-22,28.0,F,Hyderabad,Premium,67,68.22,4570.74,2,3,7.0,0,
C00969,2021-12-30,49.0,,Chennai,Premium,21,64.7,1358.70,4,18,6.0,0,
C00738,2021-02-27,48.0,M,Delhi,Standard,23,62.87,1446.01,1,7,10.0,0,
C00653,2023-11-29,58.0,,Kolkata,Standard,9,40.01,360.09,2,5,9.0,0,
C00008,2021-01-13,34.0,Male ,Kolkata,Basic,32,36.02,1152.64,1,6,10.0,0,
C00156,2020-09-16,59.0,F,Hyderabad,Standard,45,42.37,1906.65,2,12,5.0,0,
C00548,2020-09-18,26.0,M,Kolkata,Standard,4,38.27,153.08,4,17,4.0,1,moved
C00546,2021-11-09,36.0,F,Kolkata,Basic,49,30.89,1513.61,1,2,7.0,0,
C00603,2020-05-15,53.0,M,Jaipur,Standard,62,40.82,2530.84,4,4,,0,
C00781,2020-10-01,37.0,F,Bengaluru,Basic,15,16.26,243.90,2,22,8.0,0,
C00788,2019-08-10,36.0,male,Chennai,Basic,57,22.5,1282.50,2,6,7.0,0,
C00573,2022-11-05,41.0,M,Kolkata,Premium,15,64.39,965.85,2,31,6.0,0,
C00588,2020-01-06,28.0,M,Bengaluru,Basic,20,41.61,832.20,0,21,8.0,0,
C00585,2019-03-11,47.0,F,Mumbai,Basic,62,25.03,1551.86,0,8,9.0,0,
C00945,2019-07-13,41.0,M,Delhi,Premium,36,68.0,2448.00,2,7,6.0,0,
C00810,2023-10-20,41.0,male,Chennai,Standard,71,43.26,3071.46,1,8,9.0,0,
C00423,2020-02-21,31.0,M,Pune,Basic,67,20.7,1386.90,0,3,,0,
C00537,2023-03-20,32.0,M,Mumbai,Basic,39,33.46,1304.94,2,31,5.0,0,
C00590,2020-04-09,,Female,Jaipur,Basic,12,31.87,382.44,1,9,8.0,0,
C00717,2023-02-26,19.0,M,Pune,Standard,21,43.35,910.35,1,11,7.0,0,
C00936,2022-01-10,45.0,F,Bengaluru,Basic,27,25.92,699.84,2,9,8.0,1,unknown
C00835,2019-04-14,29.0,M,Pune,Standard,47,51.91,2439.77,1,16,8.0,0,
C00229,2023-02-17,28.0,F,Bengaluru,Basic,16,24.09,385.44,1,19,7.0,0,
C00358,2019-09-27,41.0,male,Pune,Standard,28,54.57,1527.96,1,18,,0,
C00738,2021-02-27,48.0,M,Delhi,Standard,23,62.87,1446.01,1,7,10.0,0,
C00213,2022-05-13,38.0,M,Kolkata,Standard,24,42.07,1009.68,2,11,7.0,0,
C00080,2021-05-25,34.0,,Kolkata,Premium,62,67.87,4207.94,0,10,7.0,0,
C00149,2022-03-01,51.0,,Pune,Basic,21,24.66,517.86,2,8,5.0,0,
C00303,2022-03-01,48.0,M,Bengaluru,Basic,5,33.53,167.65,2,11,6.0,0,
C00530,2020-04-27,57.0,M,Bengaluru,Basic,29,43.88,1272.52,0,10,9.0,0,
C00332,2022-07-08,46.0,male,Delhi,Premium,41,61.64,2527.24,1,36,7.0,0,
C00514,2021-06-25,37.0,F,Chennai,Basic,48,21.12,1013.76,0,6,10.0,0,
C00799,2021-08-24,50.0,M,Hyderabad,Basic,62,21.8,1351.60,2,8,5.0,0,
C00892,2022-06-30,31.0,Female,Bengaluru,Basic,31,15.0,465.00,1,14,8.0,0,
C00343,2021-07-14,39.0,female,Jaipur,Basic,68,16.75,1139.00,2,11,5.0,0,
C00134,2020-05-20,35.0,Male ,Bengaluru,Basic,25,15.0,375.00,1,2,8.0,0,
C00811,2019-11-17,,M,Kolkata,Basic,3,27.22,81.66,3,4,3.0,1,price
C00312,2019-07-10,43.0,F,Kolkata,Basic,33,18.71,617.43,3,11,6.0,0,
C00661,2020-01-02,18.0,F,Pune,Premium,70,89.25,6247.50,1,5,8.0,0,
C00448,2022-05-11,34.0,F,Jaipur,Premium,38,54.2,2059.60,1,6,7.0,0,
C00001,2023-11-30,42.0,M,Delhi,Standard,14,37.95,531.30,0,4,8.0,0,
C00317,2021-02-18,39.0,M,Mumbai,Premium,69,62.94,4342.86,1,11,,0,
C00716,2023-03-14,23.0,Female,Mumbai,Standard,9,34.59,311.31,4,6,5.0,0,
C00836,2023-03-02,27.0,female,Bengaluru,Standard,63,43.71,2753.73,1,15,,0,
C00622,2022-08-24,38.0,Female,Mumbai,Basic,44,31.25,1375.00,1,5,8.0,0,
C00539,2020-05-21,18.0,male,Kolkata,Premium,38,48.64,1848.32,2,10,8.0,0,
C00827,2020-12-01,38.0,F,Hyderabad,Basic,48,30.63,1470.24,1,10,9.0,0,
C00406,2023-08-25,35.0,M,Pune,Basic,31,29.09,901.79,2,51,6.0,1,price
C00173,2019-03-03,33.0,F,Chennai,Basic,33,18.39,606.87,0,8,9.0,0,
C00126,2022-07-01,42.0,F,Mumbai,Basic,59,17.06,1006.54,1,2,10.0,0,
C00658,2020-02-28,,Male ,Kolkata,Standard,3,49.3,147.90,0,7,,0,
C00502,2019-07-13,49.0,F,Mumbai,Premium,68,63.44,4313.92,0,8,7.0,0,
C00559,2019-11-21,23.0,F,Delhi,Basic,45,24.42,1098.90,1,10,8.0,1,price
C00914,2020-02-28,31.0,male,Kolkata,Standard,60,49.67,2980.20,1,6,8.0,0,
C00091,2019-08-05,46.0,F,Delhi,Standard,59,50.12,2957.08,1,7,6.0,1,unknown
C00950,2019-09-15,18.0,M,Hyderabad,Premium,54,52.16,2816.64,3,10,4.0,0,
C00182,2020-06-30,41.0,M,Bengaluru,Basic,40,22.22,888.80,1,9,7.0,0,
C00275,2022-02-15,57.0,male,Hyderabad,Basic,43,15.42,663.06,0,9,9.0,0,
C00906,2022-11-26,63.0,male,Mumbai,Premium,34,64.81,2203.54,1,9,10.0,0,
C00070,2022-02-11,36.0,female,Chennai,Basic,29,15.0,435.00,1,11,,0,
C00292,2023-10-16,40.0,F,Pune,Standard,55,43.05,2367.75,0,13,,0,
C00132,2019-08-15,21.0,F,Chennai,Premium,1,60.18, ,2,18,5.0,1,unknown
C00301,2020-05-22,59.0,Female,Mumbai,Basic,4,19.71,78.84,2,11,4.0,1,competitor
C00431,2020-05-25,26.0,male,Pune,Basic,51,40.1,2045.10,2,6,7.0,0,
C00327,2021-10-11,19.0,female,Hyderabad,Premium,69,49.68,3427.92,2,16,7.0,0,
C00145,2022-01-15,,F,Chennai,Standard,9,43.76,393.84,1,24,8.0,1,service
C00430,2019-08-11,43.0,F,Pune,Standard,67,,2755.04,2,8,7.0,0,
C00589,2023-11-19,41.0,female,Kolkata,Basic,49,18.24,893.76,2,22,7.0,0,
C00967,2021-01-27,35.0,F,Mumbai,Standard,58,52.83,3064.14,0,16,9.0,0,
C00136,2019-01-22,26.0,female,Hyderabad,Basic,58,24.94,1446.52,1,4,8.0,0,
C00987,2021-06-08,21.0,F,Hyderabad,Standard,58,29.83,1730.14,0,6,9.0,0,
C00165,2019-02-08,48.0,male,Hyderabad,Standard,43,43.75,1881.25,1,21,7.0,1,moved
C00029,2020-01-19,43.0,F,Bengaluru,Premium,55,62.54,3439.70,0,17,7.0,0,
C00569,2023-11-29,45.0,M,Pune,Premium,11,76.39,840.29,1,19,,0,
C00194,2022-07-29,56.0,F,Bengaluru,Basic,38,23.08,877.04,4,11,4.0,0,
C00395,2021-02-26,46.0,M,Kolkata,Basic,34,15.0,510.00,0,8,10.0,0,
C00809,2020-12-20,34.0,M,Chennai,Basic,63,16.77,1056.51,0,9,8.0,0,
C00170,2020-11-03,38.0,M,Bengaluru,Standard,64,36.54,2338.56,0,18,9.0,0,
C00496,2021-10-06,49.0,F,Hyderabad,Basic,32,18.73,599.36,1,18,8.0,0,
C00141,2023-11-14,43.0,F,Chennai,Premium,51,59.54,3036.54,0,5,,0,
C00174,2022-07-21,23.0,F,Kolkata,Premium,9,64.83,583.47,2,8,6.0,0,
C00007,2020-06-10,40.0,male,Chennai,Basic,34,31.78,1080.52,1,12,9.0,0,
C00650,2020-10-09,33.0,M,Mumbai,Standard,12,50.35,604.20,0,8,8.0,0,
C00486,2021-05-27,36.0,M,Jaipur,Standard,8,56.28,450.24,3,7,6.0,0,
C00074,2019-01-09,44.0,M,Mumbai,Basic,44,28.11,1236.84,2,4,7.0,0,
C00771,2023-04-13,59.0,M,Hyderabad,Basic,32,24.64,788.48,2,8,5.0,1,service
C00421,2020-11-10,39.0,Male ,Bengaluru,Premium,25,53.75,1343.75,1,22,6.0,0,
C00239,2023-06-14,25.0,F,Hyderabad,Premium,23,56.31,1295.13,2,28,6.0,0,
C00146,2023-02-06,33.0,Female,Hyderabad,Standard,29,55.82,1618.78,3,7,6.0,0,
C00802,2022-07-06,25.0,male,Kolkata,Premium,71,60.54,4298.34,3,9,5.0,0,
C00235,2020-07-14,29.0,Male ,Bengaluru,Premium,66,65.54,4325.64,1,2,9.0,0,
C00221,2021-11-25,35.0,F,Pune,Standard,29,36.1,1046.90,1,24,6.0,1,unknown
C00483,2019-06-12,39.0,male,Bengaluru,Basic,16,19.11,305.76,1,34,,0,
C00508,2023-01-27,,F,Chennai,Standard,33,46.78,1543.74,3,22,,1,price
C00133,2021-01-23,46.0,Female,Hyderabad,Basic,3,21.86,65.58,2,21,8.0,1,moved
C00741,2021-12-21,50.0,M,Chennai,Basic,37,25.68,950.16,3,11,6.0,0,
C00515,2023-09-21,47.0,F,Chennai,Basic,26,18.87,490.62,3,14,6.0,0,
C00186,2020-12-13,56.0,F,Kolkata,Basic,50,21.8,1090.00,0,6,9.0,0,
C00042,2023-04-29,45.0,F,Kolkata,Standard,49,43.29,2121.21,1,7,9.0,0,
C00619,2023-01-30,31.0,F,Chennai,Standard,46,49.73,2287.58,3,3,,0,
C00109,2022-11-24,48.0,M,Mumbai,Basic,46,29.99,1379.54,0,10,10.0,0,
C00597,2023-04-08,32.0,female,Jaipur,Standard,18,31.2,561.60,0,4,8.0,0,
C00057,2021-11-25,35.0,M,Bengaluru,Basic,23,15.0,345.00,1,40,6.0,0,
C00412,2020-07-16,18.0,F,Bengaluru,Basic,62,24.25,1503.50,1,1,9.0,0,
C00449,2022-05-29,51.0,male,Mumbai,Basic,11,22.51,247.61,2,13,8.0,0,
C00576,2022-10-16,,F,Hyderabad,Standard,1,41.47, ,1,8,8.0,0,
C00871,2020-07-06,41.0,F,Hyderabad,Basic,52,28.36,1474.72,2,4,7.0,0,
C00025,2022-08-07,33.0,F,Chennai,Premium,12,72.36,868.32,0,25,,0,
C00424,2020-06-27,20.0,F,Delhi,Premium,44,61.73,2716.12,0,8,10.0,0,
C00535,2020-07-19,19.0,male,Pune,Standard,55,40.47,2225.85,1,8,8.0,0,
C00595,2021-06-06,23.0,M,Chennai,Basic,16,18.14,290.24,1,7,7.0,0,
C00627,2021-12-29,33.0,F,Kolkata,Basic,10,26.05,260.50,1,34,10.0,0,
C00919,2019-04-09,54.0,M,Chennai,Standard,66,41.05,2709.30,1,7,9.0,0,
C00937,2022-12-28,24.0,M,Mumbai,Premium,44,72.56,3192.64,2,10,9.0,0,
C00339,2019-04-29,52.0,F,Hyderabad,Premium,34,71.75,2439.50,1,4,5.0,0,
C00052,2022-06-25,46.0,Female,Chennai,Basic,69,26.96,1860.24,1,15,8.0,0,
C00384,2020-05-27,23.0,Male ,Bengaluru,Standard,34,36.31,1234.54,0,7,9.0,0,
C00961,2022-04-29,57.0,M,Kolkata,Standard,53,45.37,2404.61,2,10,3.0,0,
C00931,2021-10-12,,F,Mumbai,Standard,57,28.82,1642.74,1,2,8.0,0,
C00742,2019-12-26,52.0,M,Kolkata,Standard,21,31.71,665.91,1,13,9.0,0,
C00265,2022-07-08,44.0,Male ,Pune,Standard,40,54.28,2171.20,1,10,10.0,0,
C00544,2019-06-09,36.0,F,Kolkata,Basic,44,23.64,1040.16,1,3,,0,
C00902,2019-05-19,39.0,Male ,Bengaluru,Standard,4,60.03,240.12,3,5,8.0,1,service
C00834,2020-11-29,33.0,Male ,Chennai,Basic,45,33.7,1516.50,5,14,5.0,0,
C00963,2021-12-02,26.0,F,Kolkata,Basic,41,22.01,902.41,1,8,8.0,0,
C00524,2022-05-21,36.0,Female,Jaipur,Basic,7,22.88,160.16,1,5,7.0,0,
C00454,2019-01-15,63.0,M,Mumbai,Premium,29,58.96,1709.84,2,19,6.0,0,
C00019,2022-07-16,49.0,Male ,Chennai,Basic,22,34.86,766.92,0,11,,0,
C00903,2022-10-10,,M,Mumbai,Standard,44,39.65,1744.60,4,5,3.0,1,competitor
C00491,2023-06-20,51.0,Male ,Bengaluru,Basic,42,24.57,1031.94,1,9,7.0,0,
C00581,2022-02-23,18.0,F,Kolkata,Premium,64,66.59,4261.76,0,4,,0,
C00440,2023-03-01,43.0,F,Delhi,Basic,9,19.22,172.98,1,27,6.0,0,
C00368,2023-10-13,28.0,Female,Pune,Premium,49,71.29,3493.21,1,19,6.0,0,
C00084,2021-05-07,33.0,Female,Jaipur,Premium,40,74.07,2962.80,1,20,7.0,0,
C00062,2020-07-09,34.0,M,Kolkata,Basic,71,22.44,1593.24,1,4,8.0,0,
C00968,2020-12-14,29.0,M,Pune,Premium,12,60.69,728.28,3,12,7.0,1,moved
C00273,2021-06-02,37.0,F,Kolkata,Basic,40,25.91,1036.40,3,9,5.0,0,
C00286,2019-01-25,32.0,female,Mumbai,Premium,27,50.43,1361.61,1,4,8.0,0,
C00361,2019-07-27,36.0,M,Bengaluru,Basic,10,33.77,337.70,1,19,7.0,0,
C00355,2022-11-17,51.0,Female,Kolkata,Basic,26,24.14,627.64,0,17,10.0,0,
C00723,2020-07-04,18.0,F,Pune,Standard,52,53.84,2799.68,0,19,,0,
C00279,2023-01-02,,M,Kolkata,Basic,15,31.98,479.70,1,27,6.0,0,
C00013,2021-06-04,39.0,M,Mumbai,Standard,24,38.9,933.60,0,11,10.0,0,
C00183,2020-11-21,33.0,M,Bengaluru,Standard,18,33.57,604.26,1,16,6.0,0,
C00369,2023-09-22,40.0,M,Hyderabad,Basic,61,32.81,2001.41,0,23,9.0,0,
C00500,2021-08-28,20.0,F,Bengaluru,Basic,67,24.28,1626.76,2,7,8.0,0,
C00679,2023-06-04,43.0,F,Bengaluru,Standard,30,,1182.30,1,34,,0,
C00224,2019-08-21,25.0,Female,Chennai,Premium,54,66.69,3601.26,3,17,3.0,0,
C00665,2023-10-28,37.0,M,Kolkata,Standard,33,47.98,1583.34,0,27,7.0,0,
C00708,2020-06-08,,Female,Chennai,Basic,66,22.14,1461.24,1,12,7.0,0,
C00718,2021-12-22,46.0,M,Kolkata,Basic,5,33.2,166.00,3,7,6.0,0,
C00552,2020-01-30,45.0,M,Kolkata,Basic,29,15.16,439.64,0,2,,0,
C00591,2019-04-12,23.0,F,Kolkata,Basic,32,26.66,853.12,1,17,,0,
C00617,2022-01-12,,Male ,Kolkata,Basic,18,19.75,355.50,1,3,8.0,0,
C00177,2021-10-13,57.0,M,Pune,Basic,42,17.4,730.80,1,3,9.0,0,
C00674,2022-11-23,,Female,Kolkata,Basic,69,20.13,1388.97,0,35,8.0,0,
C00636,2022-10-04,35.0,male,Chennai,Basic,21,19.67,413.07,3,26,7.0,1,moved
C00594,2019-01-17,18.0,F,Delhi,Basic,36,35.14,1265.04,2,8,6.0,0,
C00457,2022-05-16,51.0,M,Kolkata,Standard,34,56.37,1916.58,1,9,10.0,0,
C00527,2021-07-26,55.0,,Pune,Basic,37,33.48,1238.76,1,10,8.0,0,
C00394,2020-11-02,44.0,M,Pune,Basic,43,25.94,1115.42,1,6,8.0,0,
C00164,2021-03-15,28.0,M,Kolkata,Premium,10,76.58,765.80,1,20,9.0,0,
C00249,2022-06-22,,F,Bengaluru,Basic,62,15.0,930.00,4,12,5.0,0,
C00847,2022-04-16,76.0,F,Bengaluru,Basic,45,25.51,1147.95,1,13,8.0,0,
C00896,2021-08-31,51.0,M,Bengaluru,Premium,43,70.0,3010.00,0,8,9.0,0,
C00678,2023-06-27,43.0,M,Bengaluru,Premium,59,53.34,3147.06,1,31,9.0,0,
C00376,2022-10-19,66.0,male,Kolkata,Basic,65,24.51,1593.15,0,23,8.0,0,
C00413,2019-02-02,30.0,F,Pune,Premium,13,59.69,775.97,2,3,,0,
C00075,2021-11-04,40.0,F,Bengaluru,Basic,27,21.96,592.92,3,12,6.0,1,moved
C00114,2022-07-24,21.0,F,Chennai,Premium,47,52.13,2450.11,0,29,9.0,0,
C00577,2020-02-23,54.0,F,Delhi,Standard,41,41.2,1689.20,1,23,7.0,0,
C00960,2021-10-19,43.0,female,Kolkata,Premium,65,80.86,5255.90,0,13,9.0,0,
C00391,2020-05-26,18.0,F,Hyderabad,Basic,25,19.58,489.50,1,11,7.0,1,moved
C00105,2019-05-19,27.0,F,Bengaluru,Standard,17,52.95,900.15,0,18,9.0,0,
C00115,2022-04-19,39.0,M,Chennai,Premium,46,58.42,2687.32,1,15,9.0,1,unknown
C00418,2019-06-12,54.0,M,Kolkata,Standard,4,38.1,152.40,1,19,7.0,1,unknown
C00657,2020-03-21,28.0,F,Chennai,Standard,10,53.53,535.30,2,2,6.0,1,service
C00458,2020-08-01,,male,Hyderabad,Basic,69,21.79,1503.51,4,16,3.0,1,moved
C00410,2021-03-21,22.0,M,Hyderabad,Premium,10,58.46,584.60,1,6,9.0,0,
C00093,2020-03-11,33.0,Female,Pune,Basic,30,26.46,793.80,0,8,8.0,0,
C00571,2019-04-01,,F,Kolkata,Standard,18,,675.54,0,13,8.0,0,
C00090,2021-03-14,43.0,F,Hyderabad,Basic,25,43.18,1079.50,0,4,10.0,1,service
C00337,2022-03-21,30.0,M,Mumbai,Basic,27,31.24,843.48,1,10,8.0,0,
C00522,2020-01-31,27.0,male,Hyderabad,Premium,28,80.73,2260.44,1,6,8.0,0,
C00932,2019-01-27,43.0,M,Bengaluru,Premium,49,,3235.96,1,12,8.0,0,
C00944,2020-07-08,52.0,F,Bengaluru,Basic,54,47.52,2566.08,2,22,6.0,0,
C00614,2022-12-16,,F,Pune,Standard,59,59.61,3516.99,1,25,10.0,0,
C00602,2022-06-21,31.0,F,Kolkata,Basic,62,26.84,1664.08,0,7,7.0,0,
C00986,2022-11-08,46.0,Female,Hyderabad,Basic,35,35.9,1256.50,2,3,6.0,0,
C00095,2022-10-31,18.0,M,Mumbai,Basic,69,28.05,1935.45,2,11,6.0,0,
C00012,2023-05-24,47.0,male,Chennai,Basic,7,31.13,217.91,3,20,7.0,0,
C00397,2023-01-05,47.0,M,Jaipur,Standard,22,40.7,895.40,1,16,7.0,0,
C00540,2019-03-30,29.0,F,Jaipur,Basic,60,15.2,912.00,0,3,9.0,0,
C00044,2020-06-08,41.0,M,Kolkata,Premium,66,80.14,5289.24,2,23,5.0,0,
C00043,2019-07-22,30.0,,Bengaluru,Premium,66,50.6,3339.60,0,9,10.0,0,
C00330,2022-07-16,32.0,F,Bengaluru,Standard,53,39.93,2116.29,1,16,9.0,0,
C00168,2019-10-25,43.0,Male ,Chennai,Basic,20,27.33,546.60,0,3,9.0,0,
C00957,2021-12-13,32.0,male,Delhi,Basic,9,25.8,232.20,2,18,,1,service
C00887,2020-07-21,53.0,M,Kolkata,Basic,8,22.73,181.84,4,23,3.0,1,competitor
C00606,2022-06-02,44.0,F,Kolkata,Premium,43,55.71,2395.53,1,5,6.0,0,
C00766,2022-08-24,18.0,female,Bengaluru,Premium,40,58.25,2330.00,2,19,7.0,0,
C00101,2022-01-20,33.0,F,Bengaluru,Basic,2,32.74,65.48,3,10,7.0,0,
C00427,2019-07-31,48.0,F,Delhi,Basic,58,25.16,1459.28,1,7,8.0,0,
C00179,2021-04-25,37.0,F,Delhi,Premium,12,68.6,823.20,1,18,9.0,1,moved
C00445,2020-07-17,34.0,F,Hyderabad,Basic,8,32.19,257.52,2,11,7.0,0,
C00417,2020-08-11,51.0,F,Kolkata,Basic,18,25.63,461.34,1,12,9.0,0,
C00656,2019-01-07,42.0,M,Hyderabad,Basic,45,35.13,1580.85,1,8,7.0,0,
C00893,2021-02-19,33.0,M,Bengaluru,Standard,71,40.33,2863.43,2,8,,0,
C00667,2023-02-22,19.0,Female,Delhi,Premium,42,64.09,2691.78,1,14,7.0,0,
C00178,2019-12-31,40.0,F,Bengaluru,Premium,13,63.56,826.28,0,17,9.0,0,
C00396,2020-06-19,40.0,F,Mumbai,Standard,15,34.42,516.30,4,8,6.0,0,
C00685,2019-06-28,33.0,M,Mumbai,Basic,72,27.72,1995.84,3,14,7.0,0,
C00804,2023-03-08,43.0,M,Bengaluru,Standard,16,39.08,625.28,1,11,8.0,1,unknown
C00973,2021-11-06,41.0,Male ,Kolkata,Premium,24,70.77,1698.48,3,1,5.0,0,
C00693,2021-10-28,49.0,Female,Chennai,Basic,27,25.31,683.37,0,18,9.0,0,
C00621,2022-09-04,33.0,F,Bengaluru,Premium,53,60.82,3223.46,1,26,8.0,0,
C00258,2022-01-27,33.0,,Hyderabad,Basic,13,44.67,580.71,0,11,10.0,0,
C00336,2020-02-10,23.0,M,Chennai,Basic,60,15.0,900.00,0,13,8.0,0,
C00016,2021-08-19,28.0,F,Delhi,Basic,48,24.02,1152.96,0,2,,0,
C00976,2019-10-03,26.0,M,Chennai,Standard,64,46.89,3000.96,1,6,8.0,0,
C00325,2020-03-25,60.0,F,Bengaluru,Basic,35,25.87,905.45,1,23,8.0,0,
C00768,2021-02-02,31.0,M,Mumbai,Standard,65,51.98,3378.70,1,6,,0,
C00223,2019-01-01,40.0,F,Chennai,Premium,17,74.49,1266.33,2,19,5.0,0,
C00180,2019-03-07,41.0,M,Hyderabad,Basic,31,16.93,524.83,1,18,6.0,0,
C00996,2019-02-11,42.0,male,Hyderabad,Standard,40,27.9,1116.00,1,19,6.0,0,
C00522,2020-01-31,27.0,male,Hyderabad,Premium,28,80.73,2260.44,1,6,8.0,0,
C00023,2019-10-06,53.0,male,Bengaluru,Standard,58,48.88,2835.04,1,22,9.0,0,
C00357,2019-11-09,41.0,M,Bengaluru,Standard,12,46.85,562.20,0,3,8.0,1,competitor
C00874,2020-04-20,39.0,F,Chennai,Basic,14,22.24,311.36,1,10,10.0,0,
C00928,2020-04-04,43.0,male,Delhi,Basic,26,28.95,752.70,1,13,7.0,0,
C00341,2019-08-22,18.0,F,Hyderabad,Standard,39,47.39,1848.21,0,37,,0,
C00432,2020-11-20,44.0,F,Pune,Standard,8,44.99,359.92,3,16,4.0,1,competitor
C00558,2020-07-02,26.0,female,Bengaluru,Standard,1,38.32, ,3,13,5.0,1,price
C00844,2023-08-04,37.0,M,Kolkata,Basic,17,32.28,548.76,2,12,7.0,0,
C00204,2019-07-05,46.0,F,Kolkata,Standard,34,33.12,1126.08,1,14,6.0,0,
C00639,2022-07-06,45.0,F,Kolkata,Basic,53,15.01,795.53,1,3,7.0,0,
C00094,2021-04-07,37.0,,Kolkata,Basic,66,24.41,1611.06,0,14,,0,
C00941,2021-01-25,41.0,M,Kolkata,Basic,27,24.08,650.16,3,7,5.0,1,unknown
C00069,2019-02-03,48.0,F,Kolkata,Premium,39,69.0,2691.00,0,7,,0,
C00631,2019-07-06,57.0,F,Kolkata,Basic,64,34.72,2222.08,0,8,9.0,0,
C00285,2022-04-01,25.0,F,Mumbai,Standard,23,39.45,907.35,0,3,8.0,0,
C00815,2022-10-08,30.0,F,Mumbai,Basic,26,29.96,778.96,0,22,9.0,0,
C00435,2022-10-18,49.0,F,Kolkata,Standard,4,60.56,242.24,0,14,,0,
C00154,2020-06-09,32.0,Female,Chennai,Standard,31,54.12,1677.72,3,4,5.0,0,
C00076,2023-11-25,46.0,F,Chennai,Basic,32,15.0,480.00,4,9,5.0,0,
C00740,2023-09-16,18.0,F,Pune,Premium,14,76.42,1069.88,1,9,9.0,0,
C00447,2021-02-27,51.0,M,Jaipur,Basic,50,27.21,1360.50,2,18,6.0,0,
C00189,2020-05-18,22.0,F,Bengaluru,Standard,1,39.75, ,2,29,6.0,1,moved
C00272,2022-06-23,42.0,F,Mumbai,Basic,29,15.0,435.00,0,10,10.0,0,
C00237,2023-05-05,18.0,F,Pune,Standard,24,46.3,1111.20,0,12,9.0,0,
C00488,2022-11-24,43.0,M,Pune,Basic,63,41.25,2598.75,2,9,7.0,0,
C00118,2023-11-07,38.0,M,Kolkata,Basic,19,15.0,285.00,3,14,6.0,0,
C00829,2021-04-17,53.0,M,Pune,Premium,58,61.45,3564.10,0,7,9.0,0,
C00513,2020-12-25,39.0,F,Bengaluru,Standard,21,64.12,1346.52,1,27,6.0,1,moved
C00560,2021-04-28,27.0,M,Bengaluru,Premium,3,75.08,225.24,3,12,6.0,1,price
C00600,2021-10-14,18.0,Male ,Kolkata,Standard,70,41.27,2888.90,3,19,4.0,0,
C00127,2020-09-20,56.0,Female,Mumbai,Standard,21,43.43,912.03,2,4,9.0,0,
C00117,2023-04-30,41.0,,Hyderabad,Basic,22,27.3,600.60,1,10,9.0,0,
C00474,2021-05-06,40.0,Female,Kolkata,Basic,28,15.0,420.00,1,6,8.0,0,
C00905,2023-05-31,,F,Pune,Standard,2,48.41,96.82,4,11,3.0,1,service
C00058,2022-11-16,56.0,Female,Bengaluru,Premium,46,69.92,3216.32,0,5,8.0,0,
C00683,2019-11-11,53.0,,Bengaluru,Premium,42,70.41,2957.22,1,6,10.0,0,
C00923,2023-05-23,39.0,Male ,Kolkata,Basic,14,33.41,467.74,0,14,7.0,0,
C00370,2019-09-09,48.0,M,Chennai,Standard,5,43.76,218.80,1,5,10.0,0,
C00269,2023-10-03,39.0,F,Mumbai,Standard,4,51.0,204.00,2,10,7.0,0,
C00047,2019-01-20,48.0,female,Pune,Basic,70,22.03,1542.10,1,11,8.0,0,
C00350,2019-10-20,56.0,female,Kolkata,Basic,31,17.68,548.08,3,14,5.0,0,
C00196,2021-07-05,27.0,female,Kolkata,Premium,7,77.53,542.71,0,36,8.0,0,
C00077,2020-08-24,33.0,male,Kolkata,Standard,13,51.72,672.36,1,19,7.0,0,
C00845,2021-08-13,40.0,male,Bengaluru,Standard,30,47.27,1418.10,1,9,10.0,0,
C00746,2023-05-22,49.0,male,Jaipur,Basic,7,17.68,123.76,1,6,9.0,0,
C00264,2021-04-28,31.0,F,Delhi,Standard,60,53.16,3189.60,1,17,,0,
C00444,2020-01-14,54.0,F,Pune,Standard,55,39.59,2177.45,0,1,10.0,0,
C00789,2020-01-16,25.0,F,Hyderabad,Basic,53,18.45,977.85,0,8,,0,
C00305,2019-06-17,37.0,M,Hyderabad,Standard,51,45.76,2333.76,0,3,7.0,0,
C00342,2022-03-26,42.0,M,Hyderabad,Basic,4,30.41,121.64,0,11,5.0,1,competitor
C00618,2022-04-08,41.0,M,Hyderabad,Standard,41,61.11,2505.51,3,5,3.0,0,
C00979,2023-10-16,21.0,F,Chennai,Basic,13,31.18,405.34,0,19,9.0,1,service
C00150,2020-09-03,40.0,M,Kolkata,Basic,14,25.72,360.08,1,0,7.0,0,
C00125,2021-07-16,48.0,M,Mumbai,Basic,48,17.82,855.36,2,8,6.0,0,
C00808,2021-07-05,23.0,F,Pune,Standard,68,41.75,2839.00,1,10,7.0,0,
C00833,2022-09-28,24.0,M,Pune,Basic,63,26.11,1644.93,2,11,,0,
C00051,2020-11-13,41.0,M,Mumbai,Premium,56,69.34,3883.04,0,10,8.0,0,
C00354,2022-04-15,,M,Chennai,Premium,60,68.95,4137.00,1,3,10.0,0,
C00938,2019-02-09,37.0,M,Pune,Standard,31,46.09,1428.79,1,10,7.0,0,
C00143,2022-09-20,,male,Kolkata,Basic,44,,1174.36,1,14,8.0,0,
C00471,2022-07-27,42.0,female,Bengaluru,Premium,21,71.04,1491.84,0,8,,0,
C00400,2023-03-30,30.0,F,Jaipur,Standard,16,47.44,759.04,1,20,7.0,0,
C00634,2021-08-07,18.0,M,Bengaluru,Basic,61,27.3,1665.30,1,8,6.0,0,
C00321,2021-08-09,47.0,M,Mumbai,Premium,33,72.76,2401.08,2,26,,1,price
C00020,2019-03-15,37.0,M,Mumbai,Basic,2,29.42,58.84,1,10,7.0,0,
C00820,2021-11-10,24.0,F,Kolkata,Basic,15,29.4,441.00,1,4,10.0,0,
C00800,2023-12-04,38.0,M,Mumbai,Basic,15,38.95,584.25,0,11,7.0,0,
C00954,2022-05-14,24.0,F,Kolkata,Basic,15,15.0,225.00,1,7,9.0,0,
C00408,2021-09-03,48.0,male,Bengaluru,Basic,13,21.82,283.66,3,6,,1,unknown
C00538,2020-01-18,52.0,F,Pune,Basic,19,28.03,532.57,2,15,7.0,0,
C00629,2021-02-24,26.0,F,Delhi,Basic,10,18.5,185.00,1,30,9.0,0,
C00039,2019-05-14,28.0,F,Bengaluru,Premium,21,51.31,1077.51,1,43,8.0,0,
C00176,2022-07-04,40.0,Female,Kolkata,Standard,60,47.15,2829.00,3,37,4.0,0,
C00246,2023-06-02,23.0,Male ,Jaipur,Basic,1,17.76, ,3,10,4.0,1,price
C00885,2022-09-23,25.0,F,Kolkata,Premium,20,54.75,1095.00,1,12,5.0,1,unknown
C00676,2023-11-03,42.0,F,Hyderabad,Premium,30,86.37,2591.10,2,17,4.0,1,unknown
C00895,2021-08-15,34.0,male,Hyderabad,Standard,53,40.13,2126.89,2,4,6.0,0,
C00869,2022-04-14,31.0,,Jaipur,Premium,65,57.66,3747.90,2,22,5.0,0,
C00155,2021-06-02,,M,Pune,Basic,29,34.66,1005.14,2,12,8.0,0,
C00288,2020-11-29,39.0,M,Mumbai,Standard,16,51.61,825.76,1,8,10.0,0,
C00705,2019-07-07,,M,Kolkata,Standard,40,34.06,1362.40,0,13,9.0,0,
C00570,2022-02-05,40.0,,Kolkata,Standard,62,52.97,3284.14,0,13,10.0,0,
C00753,2019-11-28,26.0,Male ,Pune,Standard,10,51.96,519.60,3,11,5.0,0,
C00018,2021-12-06,26.0,F,Kolkata,Basic,48,20.62,989.76,0,20,9.0,0,
C00128,2023-02-21,24.0,M,Kolkata,Standard,62,51.62,3200.44,2,12,7.0,0,
C00323,2022-05-26,52.0,M,Mumbai,Basic,45,,771.30,0,2,10.0,0,
C00256,2021-06-18,47.0,M,Hyderabad,Standard,60,37.44,2246.40,0,5,6.0,0,
C00666,2019-03-27,18.0,F,Bengaluru,Basic,11,31.68,348.48,3,12,6.0,1,service
C00977,2022-02-24,,M,Bengaluru,Basic,53,17.45,924.85,1,7,9.0,0,
C00191,2021-09-13,59.0,male,Kolkata,Basic,2,36.49,72.98,1,3,7.0,0,
C00116,2019-06-19,32.0,male,Hyderabad,Basic,21,34.9,732.90,1,15,8.0,1,moved
C00679,2023-06-04,43.0,F,Bengaluru,Standard,30,,1182.30,1,34,,0,
C00607,2021-07-21,47.0,M,Bengaluru,Basic,70,17.76,1243.20,2,4,7.0,0,
C00181,2022-06-17,54.0,F,Bengaluru,Standard,37,39.4,1457.80,1,5,6.0,0,
C00302,2021-10-27,20.0,male,Mumbai,Basic,60,,1740.60,1,6,,0,
C00846,2021-12-23,42.0,M,Chennai,Premium,32,69.68,2229.76,0,9,9.0,0,
C00722,2019-12-05,52.0,Female,Pune,Premium,12,62.55,750.60,0,18,9.0,1,moved
C00733,2022-02-23,45.0,M,Bengaluru,Standard,72,36.8,2649.60,0,13,7.0,0,
C00694,2023-02-15,18.0,M,Kolkata,Basic,3,31.21,93.63,3,9,4.0,1,service
C00670,2019-03-09,18.0,F,Hyderabad,Basic,25,27.16,679.00,1,3,8.0,0,
C00518,2023-05-17,30.0,F,Hyderabad,Standard,24,51.56,1237.44,1,19,6.0,0,
C00997,2019-10-21,47.0,M,Chennai,Standard,60,43.22,2593.20,2,22,5.0,0,
C00046,2020-05-27,41.0,Female,Kolkata,Premium,15,64.44,966.60,3,45,4.0,1,service
C00920,2020-03-16,18.0,M,Bengaluru,Standard,31,48.19,1493.89,2,6,5.0,0,
C00158,2020-10-27,,M,Jaipur,Basic,68,30.31,2061.08,2,18,5.0,0,
C00754,2020-07-03,63.0,Female,Jaipur,Basic,71,21.12,1499.52,0,5,8.0,0,
C00172,2021-05-15,43.0,F,Jaipur,Basic,48,35.29,1693.92,1,26,7.0,0,
C00017,2021-09-19,42.0,Male ,Kolkata,Basic,53,,795.00,1,10,,0,
C00512,2019-09-22,34.0,Male ,Bengaluru,Basic,34,24.53,834.02,1,1,,0,
C00049,2022-07-26,46.0,male,Hyderabad,Basic,40,20.66,826.40,1,8,8.0,0,
C00984,2019-12-28,47.0,F,Bengaluru,Standard,26,48.93,1272.18,1,23,7.0,0,
C00851,2020-04-28,34.0,Male ,Chennai,Standard,24,44.72,1073.28,1,27,6.0,0,
C00516,2020-07-26,42.0,M,Mumbai,Premium,40,55.32,2212.80,1,21,,0,
C00695,2019-07-19,28.0,M,Bengaluru,Standard,15,30.91,463.65,3,6,7.0,0,
C00481,2021-03-08,41.0,F,Kolkata,Standard,48,44.78,2149.44,0,7,7.0,0,
C00284,2019-11-08,,F,Pune,Standard,34,40.66,1382.44,3,12,5.0,1,price
C00856,2023-10-23,38.0,M,Kolkata,Standard,14,43.03,602.42,1,4,9.0,1,moved
C00663,2021-10-09,27.0,M,Pune,Standard,68,47.04,3198.72,0,6,8.0,0,
C00226,2023-07-25,41.0,M,Jaipur,Basic,58,28.2,1635.60,1,9,7.0,0,
C00027,2022-06-11,44.0,M,Bengaluru,Standard,68,47.87,3255.16,3,14,5.0,0,
C00897,2023-03-14,30.0,M,Delhi,Standard,18,42.77,769.86,1,7,9.0,0,
C00438,2021-05-20,25.0,M,Bengaluru,Standard,45,36.84,1657.80,1,7,8.0,0,
C00962,2022-03-10,40.0,M,Kolkata,Standard,20,45.51,910.20,0,2,9.0,0,
C00365,2022-09-14,36.0,F,Bengaluru,Basic,33,16.64,549.12,0,33,10.0,0,
C00230,2023-05-02,35.0,F,Hyderabad,Basic,65,24.59,1598.35,1,7,9.0,0,
C00038,2021-06-17,28.0,F,Jaipur,Standard,10,49.44,494.40,1,13,5.0,0,
C00978,2021-06-29,33.0,M,Pune,Basic,55,23.18,1274.90,0,12,10.0,0,
C00375,2022-10-05,,,Chennai,Premium,44,77.6,3414.40,1,15,10.0,0,
C00470,2021-01-20,26.0,F,Delhi,Basic,36,15.64,563.04,0,11,9.0,0,
C00980,2021-11-18,43.0,male,Kolkata,Basic,51,25.81,1316.31,3,5,8.0,0,
C00137,2020-10-04,42.0,,Kolkata,Standard,10,52.44,524.40,3,2,3.0,1,service
C00713,2022-07-15,26.0,M,Bengaluru,Standard,55,35.56,1955.80,0,13,9.0,0,
C00735,2020-02-23,41.0,M,Kolkata,Premium,13,68.73,893.49,0,11,9.0,0,
C00195,2019-05-21,25.0,Female,Kolkata,Basic,8,27.92,223.36,1,36,10.0,0,
C00865,2021-04-22,30.0,M,Pune,Standard,59,43.14,2545.26,0,25,8.0,0,
C00875,2020-11-05,18.0,M,Delhi,Premium,60,43.37,2602.20,1,4,10.0,0,
C00504,2023-09-13,20.0,F,Hyderabad,Standard,29,34.43,998.47,1,3,7.0,0,
C00982,2020-01-13,20.0,F,Bengaluru,Basic,13,15.0,195.00,1,6,6.0,0,
C00951,2023-08-09,18.0,F,Jaipur,Basic,26,36.23,941.98,3,17,6.0,1,service
C00580,2021-05-29,42.0,Male ,Bengaluru,Basic,24,34.43,826.32,2,7,8.0,0,
C00981,2019-01-29,44.0,female,Kolkata,Premium,61,53.7,3275.70,1,21,8.0,0,
C00163,2023-09-26,64.0,F,Bengaluru,Standard,68,37.35,2539.80,2,5,6.0,0,
C00715,2020-03-02,35.0,M,Kolkata,Basic,66,33.47,2209.02,1,5,8.0,0,
C00153,2020-12-15,18.0,M,Pune,Standard,2,45.04,90.08,3,12,5.0,1,price
C00690,2020-11-07,33.0,F,Hyderabad,Premium,31,73.51,2278.81,0,8,9.0,0,
C00709,2021-07-20,35.0,F,Kolkata,Basic,28,15.0,420.00,1,9,7.0,0,
C00765,2021-04-19,42.0,female,Bengaluru,Standard,28,47.7,1335.60,1,15,8.0,0,
C00112,2021-08-17,41.0,male,Mumbai,Basic,18,28.76,517.68,0,10,10.0,0,
C00227,2019-11-15,68.0,F,Chennai,Basic,13,15.0,195.00,1,29,,0,
C00697,2019-07-28,18.0,M,Pune,Standard,27,46.42,1253.34,2,2,8.0,0,
C00104,2019-01-19,,Female,Pune,Basic,56,28.68,1606.08,1,19,8.0,0,
C00422,2019-10-22,28.0,male,Mumbai,Standard,20,53.17,1063.40,2,2,8.0,0,
C00420,2019-08-17,,,Pune,Premium,26,60.52,1573.52,0,8,10.0,0,
C00760,2020-09-17,43.0,F,Pune,Basic,10,33.91,339.10,1,7,,0,
C00587,2021-01-29,24.0,F,Pune,Basic,5,28.48,142.40,2,16,8.0,0,
C00790,2022-06-19,36.0,,Delhi,Basic,33,33.65,1110.45,2,22,6.0,0,
C00673,2019-03-12,29.0,F,Hyderabad,Basic,37,23.93,885.41,0,22,8.0,0,
C00120,2020-08-29,35.0,F,Chennai,Premium,43,60.65,2607.95,2,49,5.0,0,
C00054,2023-06-14,34.0,Male ,Bengaluru,Basic,44,23.6,1038.40,1,22,7.0,0,
C00152,2020-08-25,26.0,male,Pune,Standard,12,44.55,534.60,0,11,9.0,0,
C00404,2021-02-23,33.0,F,Bengaluru,Basic,15,24.98,374.70,1,14,5.0,0,
C00983,2019-08-22,41.0,F,Bengaluru,Basic,55,15.0,825.00,3,37,4.0,0,
C00208,2022-11-27,23.0,M,Bengaluru,Basic,4,35.29,141.16,1,6,8.0,0,
C00659,2022-10-04,53.0,F,Bengaluru,Basic,42,40.78,1712.76,1,11,7.0,0,
C00854,2022-10-21,38.0,F,Kolkata,Standard,39,,1772.55,0,6,9.0,0,
C00922,2022-07-30,28.0,M,Pune,Standard,46,39.3,1807.80,1,8,7.0,1,competitor
C00009,2020-09-26,38.0,,Hyderabad,Basic,19,24.98,474.62,2,8,,1,unknown
C00818,2020-02-08,41.0,female,Delhi,Basic,5,21.47,107.35,3,24,5.0,1,moved
C00037,2020-12-27,37.0,male,Mumbai,Standard,56,56.49,3163.44,1,5,8.0,0,
C00453,2023-06-03,61.0,male,Bengaluru,Standard,16,53.45,855.20,3,4,4.0,0,
C00652,2020-12-22,36.0,male,Pune,Premium,49,65.41,3205.09,1,2,5.0,0,
C00254,2019-01-27,26.0,M,Delhi,Premium,47,64.79,3045.13,3,7,6.0,1,service
C00304,2023-07-22,34.0,F,Chennai,Standard,29,48.08,1394.32,0,3,9.0,0,
C00756,2022-09-19,52.0,Female,Hyderabad,Premium,61,,4500.58,0,10,8.0,0,
C00572,2022-12-27,37.0,M,Bengaluru,Standard,36,37.77,1359.72,0,25,7.0,0,
C00624,2022-07-27,31.0,,Pune,Basic,31,24.43,757.33,1,5,7.0,0,
C00719,2020-06-17,34.0,M,Bengaluru,Standard,1,41.65, ,4,45,,1,price
C00729,2021-02-11,24.0,female,Mumbai,Basic,51,20.61,1051.11,2,18,6.0,0,
C00263,2022-06-01,41.0,male,Bengaluru,Basic,20,15.0,300.00,1,20,8.0,0,
C00611,2019-03-22,26.0,male,Hyderabad,Premium,9,59.68,537.12,3,2,6.0,1,price
C00298,2023-01-03,34.0,male,Kolkata,Standard,13,48.72,633.36,0,16,,0,
C00415,2021-07-29,35.0,F,Bengaluru,Premium,25,55.32,1383.00,1,21,8.0,1,competitor
C00151,2021-10-01,36.0,Female,Kolkata,Basic,69,17.11,1180.59,0,9,8.0,0,
C00803,2019-05-24,42.0,F,Pune,Basic,59,35.44,2090.96,3,7,4.0,0,
C00641,2023-05-10,20.0,Male ,Delhi,Standard,5,46.48,232.40,0,34,,1,moved
C00900,2022-05-08,20.0,M,Pune,Standard,46,46.81,2153.26,1,6,9.0,0,
C00551,2021-08-25,43.0,F,Bengaluru,Basic,61,29.57,1803.77,2,8,7.0,0,
C00801,2020-03-25,28.0,M,Pune,Standard,21,51.15,1074.15,3,6,,1,competitor
C00489,2021-01-20,28.0,M,Pune,Basic,3,24.74,74.22,0,3,,0,
C00711,2021-11-22,38.0,Female,Jaipur,Basic,23,18.43,423.89,1,3,7.0,0,
C00148,2023-01-05,36.0,M,Pune,Standard,72,38.47,2769.84,2,5,9.0,0,
C00147,2021-07-03,31.0,male,Mumbai,Premium,33,76.73,2532.09,0,6,10.0,0,
C00744,2019-11-30,18.0,Female,Chennai,Premium,70,67.04,4692.80,0,15,7.0,0,
C00942,2022-10-06,49.0,M,Pune,Basic,37,33.51,1239.87,2,4,7.0,0,
C00824,2019-01-06,18.0,F,Bengaluru,Premium,66,89.71,5920.86,2,8,6.0,0,
C00660,2020-08-30,34.0,male,Kolkata,Standard,34,43.49,1478.66,2,26,7.0,0,
C00349,2022-07-23,19.0,M,Kolkata,Standard,21,64.95,1363.95,1,2,9.0,0,
C00464,2023-07-16,18.0,Male ,Kolkata,Premium,13,63.94,831.22,0,26,7.0,1,unknown
C00326,2021-09-29,47.0,M,Chennai,Standard,48,58.81,2822.88,2,8,7.0,0,
C00187,2020-02-09,40.0,F,Mumbai,Basic,58,22.83,1324.14,0,11,8.0,0,
C00124,2019-07-19,54.0,F,Kolkata,Basic,16,34.43,550.88,0,15,10.0,0,
C00864,2023-02-17,39.0,M,Hyderabad,Basic,32,15.0,480.00,1,21,6.0,0,
C00609,2020-04-23,18.0,F,Bengaluru,Premium,42,72.76,3055.92,1,16,7.0,1,price
C00144,2023-09-23,41.0,M,Jaipur,Premium,9,60.58,545.22,4,9,3.0,0,
C00971,2022-06-16,35.0,M,Hyderabad,Basic,29,30.63,888.27,0,23,8.0,0,
C00198,2019-03-21,,Male ,Pune,Standard,53,30.81,1632.93,1,13,9.0,0,
C00610,2019-04-17,44.0,female,Kolkata,Basic,27,34.91,942.57,0,16,8.0,0,
C00280,2021-01-12,41.0,Male ,Bengaluru,Premium,37,59.44,2199.28,1,5,8.0,0,
C00294,2023-05-10,18.0,F,Kolkata,Premium,9,61.58,554.22,2,9,7.0,0,
C00401,2021-02-25,36.0,Male ,Pune,Basic,65,32.15,2089.75,0,4,7.0,0,
C00123,2023-07-31,41.0,F,Pune,Premium,21,66.64,1399.44,1,15,7.0,0,
C00184,2019-10-10,51.0,M,Pune,Standard,37,41.62,1539.94,1,6,,0,
C00203,2023-06-20,39.0,M,Bengaluru,Basic,22,19.48,428.56,0,8,,0,
C00439,2022-02-21,30.0,F,Bengaluru,Basic,30,32.3,969.00,0,5,10.0,0,
C00247,2023-08-17,,,Chennai,Standard,7,43.64,305.48,2,1,,0,
C00416,2020-02-09,40.0,male,Kolkata,Premium,26,72.83,1893.58,3,21,,0,
C00786,2021-07-03,41.0,M,Chennai,Basic,6,15.0,90.00,2,16,7.0,1,price
C00775,2020-01-05,,Male ,Kolkata,Premium,33,67.74,2235.42,2,7,7.0,1,moved
C00917,2021-09-15,55.0,female,Bengaluru,Standard,54,42.92,2317.68,2,13,8.0,0,
C00778,2022-01-04,43.0,M,Kolkata,Basic,28,17.99,503.72,3,8,6.0,1,service
C00940,2023-01-10,48.0,M,Hyderabad,Basic,59,25.06,1478.54,1,2,8.0,0,
C00130,2019-07-09,27.0,F,Mumbai,Premium,13,,671.58,0,16,10.0,0,
C00638,2020-08-25,25.0,M,Kolkata,Standard,22,38.41,845.02,1,12,6.0,1,unknown
C00403,2019-01-01,48.0,F,Hyderabad,Standard,30,54.13,1623.90,1,10,9.0,0,
C00794,2019-02-17,43.0,F,Bengaluru,Standard,45,29.67,1335.15,1,27,9.0,0,
C00862,2020-12-05,21.0,M,Pune,Basic,49,38.5,1886.50,1,2,8.0,0,
C00736,2023-02-28,40.0,female,Pune,Standard,70,34.46,2412.20,0,31,7.0,0,
C00924,2022-10-28,31.0,M,Pune,Basic,62,15.0,930.00,1,16,7.0,0,
C00220,2023-11-29,30.0,,Kolkata,Basic,30,31.86,955.80,0,17,8.0,0,
C00642,2022-11-07,46.0,F,Pune,Basic,2,30.5,61.00,4,28,2.0,1,unknown
C00926,2021-10-14,61.0,Male ,Hyderabad,Premium,46,70.68,3251.28,1,11,8.0,0,
C00762,2019-04-21,46.0,male,Bengaluru,Standard,58,47.08,2730.64,2,10,6.0,0,
C00817,2023-04-21,,M,Pune,Premium,68,64.51,4386.68,0,34,7.0,0,
C00930,2021-07-28,39.0,Male ,Delhi,Basic,48,15.0,720.00,1,8,7.0,0,
C00625,2023-02-24,44.0,F,Chennai,Basic,68,25.36,1724.48,1,6,9.0,0,
C00849,2019-03-10,30.0,female,Pune,Basic,62,22.91,1420.42,1,19,9.0,0,
C00990,2022-03-10,32.0,M,Bengaluru,Premium,20,52.64,1052.80,2,1,8.0,0,
C00387,2019-11-07,43.0,M,Chennai,Basic,61,37.23,2271.03,2,11,10.0,0,
C00985,2019-06-22,42.0,M,Kolkata,Basic,57,41.51,2366.07,0,6,10.0,0,
C00510,2023-05-27,,Male ,Chennai,Premium,41,70.13,2875.33,0,4,7.0,0,
C00268,2021-02-09,42.0,F,Pune,Basic,59,23.67,1396.53,0,10,8.0,0,
C00830,2020-10-29,18.0,Female,Mumbai,Standard,15,40.95,614.25,2,16,7.0,0,
C00442,2021-09-29,42.0,M,Bengaluru,Standard,62,34.82,2158.84,3,15,5.0,0,
C00497,2020-09-30,18.0,F,Delhi,Standard,58,44.0,2552.00,0,27,6.0,0,
C00113,2023-04-13,31.0,F,Kolkata,Standard,44,50.7,2230.80,4,17,3.0,0,
C00692,2023-07-04,35.0,M,Hyderabad,Standard,32,52.81,1689.92,2,20,6.0,0,
C00233,2021-08-20,42.0,male,Hyderabad,Basic,42,15.88,666.96,1,3,8.0,0,
C00880,2022-08-29,38.0,F,Hyderabad,Standard,38,44.55,1692.90,0,9,,0,
C00608,2019-01-01,43.0,F,Pune,Standard,64,46.23,2958.72,3,10,7.0,0,
C00672,2023-08-03,41.0,F,Chennai,Standard,7,48.35,338.45,0,3,7.0,0,
C00374,2023-10-21,48.0,M,Bengaluru,Premium,16,58.42,934.72,1,17,8.0,0,
C00994,2021-07-01,54.0,M,Kolkata,Premium,10,54.53,545.30,3,7,7.0,0,
C00853,2021-03-17,49.0,Female,Pune,Basic,9,,196.38,3,8,7.0,1,competitor
C00234,2021-11-04,52.0,F,Bengaluru,Basic,64,23.87,1527.68,0,31,9.0,0,
C00912,2023-11-13,43.0,M,Kolkata,Basic,5,18.63,93.15,4,14,4.0,1,moved
C00677,2022-09-01,67.0,Female,Pune,Standard,17,42.89,729.13,1,20,7.0,0,
C00318,2020-07-14,30.0,male,Bengaluru,Standard,71,49.59,3520.89,0,12,10.0,0,
C00649,2021-07-16,40.0,,Chennai,Basic,42,27.96,1174.32,1,16,6.0,1,service
C00411,2021-03-07,20.0,M,Chennai,Premium,47,68.37,3213.39,0,14,8.0,0,
C00909,2019-02-15,39.0,M,Kolkata,Standard,21,40.91,859.11,3,13,5.0,0,
C00710,2022-11-23,46.0,M,Delhi,Basic,4,15.0,60.00,3,3,,0,
C00359,2021-08-31,28.0,M,Bengaluru,Basic,55,25.6,1408.00,1,8,8.0,0,
C00259,2020-10-10,36.0,male,Pune,Standard,2,56.14,112.28,0,10,7.0,1,competitor
C00745,2020-08-19,39.0,M,Kolkata,Standard,15,40.26,603.90,0,17,10.0,0,
C00628,2019-05-14,54.0,M,Mumbai,Basic,31,15.0,465.00,0,25,10.0,0,
C00633,2021-04-15,33.0,F,Hyderabad,Basic,16,31.24,499.84,1,5,8.0,0,
C00283,2021-03-16,49.0,M,Chennai,Standard,52,52.11,2709.72,1,20,7.0,0,
C00377,2021-01-29,,F,Chennai,Basic,56,26.01,1456.56,2,10,5.0,0,
C00385,2022-10-15,19.0,F,Kolkata,Premium,60,54.94,3296.40,0,24,8.0,0,
C00225,2019-11-02,39.0,,Delhi,Premium,52,63.59,3306.68,1,4,10.0,0,
C00966,2019-04-08,22.0,M,Bengaluru,Basic,69,21.63,1492.47,0,10,10.0,0,
C00825,2022-07-10,18.0,F,Jaipur,Basic,19,29.13,553.47,0,16,,0,
C00473,2019-01-28,35.0,F,Jaipur,Basic,69,15.0,1035.00,0,15,9.0,0,
C00348,2023-02-02,45.0,Female,Pune,Basic,19,15.0,285.00,0,36,9.0,0,
C00506,2023-06-20,31.0,M,Pune,Basic,24,26.68,640.32,1,7,8.0,0,
C00640,2020-05-10,44.0,M,Pune,Basic,63,27.67,1743.21,1,15,5.0,0,
C01000,2021-07-21,48.0,Female,Delhi,Premium,6,61.01,366.06,2,8,6.0,1,moved
C00798,2021-10-27,51.0,F,Kolkata,Premium,12,58.87,706.44,1,12,7.0,0,
C00939,2023-06-16,49.0,M,Pune,Standard,46,54.83,2522.18,0,19,6.0,0,
C00916,2019-02-05,52.0,F,Hyderabad,Standard,47,37.77,1775.19,2,14,8.0,0,
C00620,2022-06-27,55.0,Female,Kolkata,Standard,71,36.87,2617.77,0,11,8.0,0,
C00866,2021-09-07,48.0,M,Hyderabad,Standard,17,47.05,799.85,0,17,7.0,0,
C00814,2022-12-24,32.0,Female,Pune,Basic,4,,81.36,2,7,7.0,1,service
C00646,2023-01-17,36.0,M,Pune,Standard,34,44.66,1518.44,2,6,7.0,0,
C00886,2021-05-23,41.0,Female,Kolkata,Basic,72,25.24,1817.28,0,6,8.0,0,
C00557,2022-01-17,29.0,F,Chennai,Premium,71,64.23,4560.33,0,17,,0,
C00970,2023-06-09,38.0,female,Bengaluru,Basic,15,15.0,225.00,4,5,4.0,1,unknown
C00578,2021-01-28,53.0,F,Bengaluru,Basic,57,19.63,1118.91,2,8,6.0,0,
C00796,2021-05-29,,M,Kolkata,Standard,3,,158.07,4,5,5.0,1,price
C00086,2022-09-02,44.0,F,Bengaluru,Basic,36,26.61,957.96,0,5,8.0,0,
C00243,2021-08-22,18.0,F,Bengaluru,Basic,37,26.44,978.28,2,8,7.0,0,
C00699,2019-02-10,27.0,Male ,Chennai,Premium,35,68.04,2381.40,1,23,8.0,0,
C00160,2019-09-10,24.0,male,Delhi,Standard,71,49.71,3529.41,1,9,6.0,0,
C00525,2021-01-02,55.0,M,Bengaluru,Basic,23,21.3,489.90,3,15,6.0,0,
C00036,2022-05-10,52.0,,Pune,Basic,20,25.09,501.80,0,5,8.0,0,
C00541,2020-11-05,18.0,F,Mumbai,Standard,70,57.01,3990.70,2,5,6.0,0,
C00171,2020-10-04,30.0,M,Mumbai,Premium,17,49.82,846.94,1,13,8.0,1,price
C00655,2020-10-10,45.0,Male ,Kolkata,Premium,57,56.0,3192.00,4,2,5.0,1,service
C00901,2021-08-10,43.0,male,Hyderabad,Premium,45,67.6,3042.00,0,5,8.0,0,
C00868,2021-10-13,,F,Jaipur,Standard,52,49.31,2564.12,1,11,5.0,0,
C00858,2019-02-02,43.0,M,Kolkata,Basic,24,16.37,392.88,1,5,,0,
C00955,2023-03-22,29.0,Female,Pune,Standard,27,49.21,1328.67,0,6,10.0,0,
C00734,2022-04-23,36.0,male,Chennai,Standard,5,53.14,265.70,1,17,,0,
C00096,2021-03-21,21.0,female,Bengaluru,Standard,67,38.47,2577.49,4,11,5.0,1,competitor
C00564,2023-07-16,29.0,M,Pune,Basic,41,26.61,1091.01,2,41,6.0,0,
C00241,2022-03-28,27.0,male,Kolkata,Standard,21,55.32,1161.72,1,9,6.0,0,
C00743,2020-08-17,26.0,Female,Mumbai,Basic,15,15.0,225.00,0,12,10.0,0,
C00575,2023-06-02,40.0,M,Delhi,Basic,33,15.89,524.37,1,8,8.0,0,
C00691,2022-11-01,42.0,F,Hyderabad,Basic,10,30.51,305.10,0,13,8.0,0,
C00461,2022-04-22,42.0,F,Pune,Standard,66,55.12,3637.92,2,11,,0,
C00554,2023-09-04,,,Bengaluru,Standard,67,53.73,3599.91,0,9,9.0,0,
C00889,2019-08-15,18.0,F,Mumbai,Basic,37,26.0,962.00,3,19,5.0,0,
C00207,2021-09-23,28.0,M,Mumbai,Basic,16,23.08,369.28,2,8,6.0,0,
C00393,2020-09-09,32.0,M,Hyderabad,Standard,35,29.84,1044.40,1,10,7.0,0,
C00795,2021-02-20,18.0,F,Bengaluru,Standard,7,,251.58,2,21,7.0,0,
C00398,2020-08-10,41.0,F,Pune,Standard,49,38.35,1879.15,1,9,6.0,0,
C00767,2023-03-26,39.0,M,Bengaluru,Standard,70,34.2,2394.00,2,21,6.0,0,
C00859,2023-11-15,,Female,Bengaluru,Basic,14,15.0,210.00,3,3,6.0,0,
C00218,2020-07-15,54.0,M,Pune,Premium,60,68.15,4089.00,2,19,5.0,0,
C00005,2020-12-09,18.0,M,Mumbai,Basic,51,24.09,1228.59,1,8,7.0,0,
C00769,2020-05-09,23.0,F,Delhi,Standard,16,46.49,743.84,5,22,5.0,0,
C00643,2022-05-13,63.0,male,Bengaluru,Premium,68,69.37,4717.16,0,7,9.0,0,
C00908,2021-02-22,23.0,Male ,Bengaluru,Basic,65,15.0,975.00,0,2,8.0,0,
C00613,2021-02-09,21.0,M,Delhi,Premium,29,58.73,1703.17,3,8,3.0,0,
C00739,2022-06-24,19.0,M,Mumbai,Premium,57,73.01,4161.57,0,25,,0,
C00547,2023-11-14,40.0,male,Pune,Basic,72,15.0,1080.00,0,2,,0,
C00726,2022-09-01,56.0,M,Chennai,Standard,66,48.84,3223.44,1,14,8.0,0,
C00684,2020-07-05,32.0,F,Kolkata,Premium,47,59.84,2812.48,0,8,9.0,0,
C00099,2019-07-23,43.0,male,Hyderabad,Standard,68,55.98,3806.64,2,24,5.0,0,
C00805,2020-10-14,53.0,,Jaipur,Basic,28,33.07,925.96,1,8,,0,
C00728,2021-04-24,47.0,male,Hyderabad,Standard,41,,2179.97,2,11,6.0,0,
C00574,2022-03-18,27.0,F,Kolkata,Basic,34,21.39,727.26,1,17,8.0,0,
C00407,2019-08-24,37.0,Female,Mumbai,Standard,38,46.13,1752.94,0,11,10.0,0,
C00503,2022-11-21,29.0,M,Mumbai,Basic,53,27.07,1434.71,2,5,7.0,0,
C00048,2020-05-05,41.0,F,Pune,Basic,40,33.66,1346.40,0,24,,0,
C00033,2022-09-12,32.0,F,Mumbai,Basic,13,31.44,408.72,2,5,6.0,1,moved
C00780,2021-09-15,22.0,female,Bengaluru,Basic,27,25.86,698.22,0,4,9.0,0,
C00840,2019-01-14,34.0,male,Kolkata,Basic,26,15.0,390.00,4,8,6.0,1,moved
C00201,2020-09-20,42.0,Female,Mumbai,Standard,24,43.23,1037.52,1,32,8.0,0,
C00135,2022-05-23,20.0,F,Bengaluru,Premium,33,59.57,1965.81,1,8,7.0,0,
C00028,2019-03-02,42.0,M,Bengaluru,Premium,62,72.24,4478.88,0,2,8.0,0,
C00891,2023-06-02,28.0,F,Hyderabad,Standard,67,32.71,2191.57,0,7,,0,
C00231,2020-01-12,20.0,female,Hyderabad,Basic,20,30.65,613.00,0,1,8.0,1,service
C00490,2020-07-26,46.0,M,Bengaluru,Standard,43,53.22,2288.46,1,35,9.0,0,
C00773,2023-01-07,41.0,F,Kolkata,Basic,56,32.73,1832.88,2,14,9.0,0,
C00379,2023-07-15,57.0,Female,Hyderabad,Standard,57,37.88,2159.16,1,7,,0,
C00289,2022-09-30,34.0,M,Kolkata,Standard,46,51.16,2353.36,1,10,6.0,0,
C00419,2019-03-31,37.0,Male ,Hyderabad,Premium,38,71.47,2715.86,1,23,6.0,0,
C00675,2019-07-25,48.0,F,Kolkata,Basic,15,18.79,281.85,1,11,,0,
C00392,2020-10-09,39.0,Female,Hyderabad,Basic,16,16.41,262.56,1,2,8.0,0,
C00593,2022-09-25,60.0,F,Bengaluru,Basic,11,31.17,342.87,2,11,6.0,0,
C00499,2021-07-05,18.0,female,Delhi,Basic,28,43.4,1215.20,0,3,8.0,0,
C00139,2020-10-25,62.0,female,Hyderabad,Basic,17,38.26,650.42,1,28,6.0,0,
C00063,2019-12-25,40.0,M,Kolkata,Basic,38,31.3,1189.40,2,6,5.0,1,price
C00472,2022-05-01,33.0,M,Bengaluru,Standard,70,42.64,2984.80,1,17,7.0,0,
C00648,2019-11-15,18.0,F,Chennai,Premium,50,59.19,2959.50,2,8,8.0,0,
C00129,2019-04-27,30.0,male,Pune,Basic,42,15.0,630.00,2,1,7.0,0,
C00989,2023-12-05,34.0,M,Hyderabad,Standard,29,52.49,1522.21,4,15,4.0,0,
C00521,2020-03-11,26.0,M,Delhi,Standard,6,50.5,303.00,2,31,6.0,0,
C00839,2021-12-24,60.0,M,Chennai,Basic,10,31.19,311.90,2,1,8.0,0,
C00975,2023-08-19,26.0,M,Chennai,Standard,14,38.23,535.22,1,9,8.0,1,price
C00065,2022-09-11,47.0,M,Mumbai,Basic,32,21.1,675.20,0,15,9.0,0,
C00813,2023-06-09,41.0,M,Kolkata,Premium,41,69.43,2846.63,1,25,7.0,0,
C00015,2022-03-03,44.0,M,Kolkata,Basic,10,42.69,426.90,1,13,6.0,0,
C00157,2022-01-31,40.0,F,Mumbai,Premium,64,63.29,4050.56,1,12,6.0,0,
C00041,2020-03-19,47.0,M,Chennai,Basic,21,39.26,824.46,1,8,7.0,0,
C00493,2019-09-04,35.0,F,Hyderabad,Basic,49,,996.17,0,15,7.0,0,
C00380,2022-12-22,33.0,Female,Kolkata,Basic,13,15.0,195.00,0,18,8.0,1,unknown
C00188,2023-10-29,23.0,female,Kolkata,Standard,47,44.84,2107.48,0,11,8.0,0,
C00764,2022-04-13,46.0,F,Delhi,Basic,40,28.88,1155.20,4,11,4.0,0,
C00217,2023-01-15,44.0,M,Hyderabad,Basic,66,26.17,1727.22,2,35,7.0,0,
C00792,2019-08-26,23.0,M,Hyderabad,Basic,68,23.58,1603.44,0,10,10.0,0,
C00053,2022-01-18,21.0,,Pune,Standard,42,46.16,1938.72,1,5,8.0,0,
C00879,2023-03-31,37.0,M,Bengaluru,Standard,39,46.32,1806.48,1,10,6.0,1,moved
C00338,2019-08-27,,male,Kolkata,Premium,52,71.02,3693.04,3,8,6.0,0,
C00749,2020-05-28,34.0,M,Kolkata,Standard,10,33.38,333.80,1,23,8.0,0,
C00720,2020-09-29,26.0,F,Mumbai,Premium,61,60.41,3685.01,0,6,,0,
C00725,2019-10-06,27.0,Male ,Mumbai,Basic,5,22.26,111.30,2,15,8.0,0,
C00296,2021-05-21,40.0,F,Hyderabad,Standard,7,49.45,346.15,3,20,6.0,0,
C00702,2020-06-25,35.0,M,Bengaluru,Basic,3,19.3,57.90,1,3,8.0,0,
C00252,2021-08-23,42.0,F,Hyderabad,Basic,3,38.82,116.46,2,3,7.0,0,
C00727,2019-08-20,41.0,M,Bengaluru,Premium,63,67.56,4256.28,1,16,8.0,0,
C00462,2021-07-22,28.0,female,Bengaluru,Basic,59,25.2,1486.80,2,21,,0,
C00456,2023-01-25,40.0,,Kolkata,Basic,24,15.0,360.00,0,17,8.0,0,
C00860,2023-09-11,46.0,male,Kolkata,Standard,48,42.21,2026.08,2,9,5.0,0,
C00816,2021-08-04,42.0,F,Hyderabad,Basic,12,28.54,342.48,1,44,6.0,0,
C00863,2023-10-14,,M,Delhi,Basic,12,31.26,375.12,0,8,,0,
C00270,2023-09-28,38.0,F,Jaipur,Standard,7,48.13,336.91,5,10,5.0,0,
C00202,2023-08-11,55.0,M,Kolkata,Premium,23,72.97,1678.31,1,12,8.0,0,
C00162,2020-10-02,29.0,female,Kolkata,Basic,6,17.24,103.44,3,17,5.0,1,moved
C00556,2019-08-02,34.0,M,Bengaluru,Basic,42,26.11,1096.62,0,21,7.0,0,
C00730,2019-03-25,25.0,M,Kolkata,Standard,29,45.33,1314.57,3,12,6.0,1,price
C00402,2019-01-19,,M,Chennai,Standard,8,51.02,408.16,1,11,9.0,0,
C00703,2022-11-24,26.0,M,Bengaluru,Basic,15,29.52,442.80,2,20,4.0,1,price
C00477,2020-06-09,,M,Pune,Basic,58,25.91,1502.78,0,4,7.0,0,
C00822,2020-01-28,55.0,F,Delhi,Standard,41,52.52,2153.32,1,10,8.0,0,
C00772,2023-11-13,,male,Bengaluru,Standard,51,33.76,1721.76,2,4,7.0,1,price
C00106,2020-11-03,,Female,Hyderabad,Standard,55,45.66,2511.30,2,10,7.0,0,
C00566,2019-06-28,47.0,F,Delhi,Standard,2,48.88,97.76,1,1,8.0,0,
C00390,2023-03-30,21.0,male,Chennai,Basic,5,15.0,75.00,1,17,6.0,0,
C00002,2020-08-11,26.0,F,Chennai,Standard,47,46.74,2196.78,4,27,,0,
C00948,2021-12-18,18.0,Male ,Pune,Basic,16,40.02,640.32,0,19,9.0,0,
C00995,2022-09-24,37.0,male,Hyderabad,Standard,51,49.89,2544.39,2,17,,0,
C00562,2019-01-01,42.0,,Bengaluru,Basic,49,17.88,876.12,0,11,10.0,0,
C00081,2020-07-06,43.0,F,Chennai,Basic,24,25.37,608.88,0,26,10.0,0,
C00206,2022-02-17,37.0,,Bengaluru,Basic,31,15.0,465.00,1,20,8.0,0,
C00035,2022-12-08,45.0,,Chennai,Standard,63,40.31,2539.53,1,21,8.0,0,
C00776,2021-10-28,40.0,M,Kolkata,Premium,33,59.82,1974.06,1,7,7.0,0,
C00509,2023-05-08,31.0,,Chennai,Premium,70,76.07,5324.90,1,11,6.0,0,
C00428,2023-09-07,59.0,F,Mumbai,Standard,64,35.41,2266.24,0,10,7.0,1,moved
C00455,2020-11-19,39.0,F,Kolkata,Basic,5,15.0,75.00,2,16,,0,
C00367,2023-04-06,29.0,male,Kolkata,Basic,47,20.03,941.41,2,10,7.0,0,
C00092,2020-08-26,37.0,F,Bengaluru,Basic,18,36.79,662.22,2,6,6.0,0,
C00340,2023-09-20,45.0,male,Hyderabad,Premium,2,52.67,105.34,2,28,6.0,0,
C00898,2019-12-14,28.0,Female,Pune,Standard,17,37.28,633.76,1,19,7.0,0,
C00565,2020-12-10,49.0,F,Bengaluru,Basic,6,22.01,132.06,3,12,6.0,1,unknown
C00346,2022-06-08,18.0,F,Hyderabad,Standard,36,59.74,2150.64,4,5,5.0,0,
C00777,2020-12-24,25.0,Male ,Hyderabad,Basic,63,38.15,2403.45,2,9,7.0,0,
C00242,2023-12-05,37.0,M,Hyderabad,Standard,5,31.12,155.60,3,24,6.0,0,
C00014,2020-01-04,52.0,F,Kolkata,Basic,49,33.73,1652.77,5,18,3.0,0,
C00316,2023-06-22,34.0,F,Kolkata,Basic,64,29.48,1886.72,1,3,10.0,0,
C00601,2019-11-19,44.0,F,Bengaluru,Standard,58,36.13,2095.54,0,5,10.0,0,
C00388,2023-09-02,44.0,M,Bengaluru,Standard,68,45.52,3095.36,2,16,7.0,0,
C00274,2019-01-03,63.0,,Bengaluru,Basic,54,33.63,1816.02,0,9,10.0,0,
C00167,2022-08-05,49.0,F,Pune,Premium,18,60.89,1096.02,1,9,7.0,0,
C00841,2021-05-02,61.0,M,Kolkata,Basic,9,22.49,202.41,3,5,5.0,0,
C00412,2020-07-16,18.0,F,Bengaluru,Basic,62,24.25,1503.50,1,1,9.0,0,
C00647,2019-05-10,45.0,M,Kolkata,Premium,32,68.3,2185.60,0,6,,0,
C00819,2022-12-28,41.0,M,Kolkata,Standard,11,46.21,508.31,3,4,5.0,0,
C00485,2020-06-05,37.0,M,Bengaluru,Basic,71,15.0,1065.00,0,5,9.0,0,
C00993,2022-09-20,60.0,F,Pune,Premium,28,69.4,1943.20,2,5,6.0,0,
C00505,2023-02-15,18.0,F,Jaipur,Standard,56,41.42,2319.52,2,4,8.0,0,
C00832,2023-05-19,57.0,M,Hyderabad,Basic,58,23.61,1369.38,1,23,8.0,0,
C00244,2023-08-23,20.0,F,Hyderabad,Basic,4,20.32,81.28,1,30,7.0,1,unknown
C00567,2021-02-10,36.0,male,Pune,Basic,25,29.18,729.50,3,7,6.0,0,
C00876,2021-06-05,18.0,M,Bengaluru,Standard,8,40.03,320.24,1,2,6.0,0,
C00563,2020-10-01,39.0,M,Kolkata,Standard,66,41.06,2709.96,1,9,6.0,0,
C00965,2019-12-19,38.0,F,Chennai,Standard,8,42.37,338.96,5,7,3.0,1,competitor
C00687,2020-03-22,47.0,F,Kolkata,Standard,64,40.04,2562.56,2,19,6.0,0,
C00958,2021-11-03,65.0,M,Kolkata,Basic,54,22.73,1227.42,2,25,7.0,0,
C00190,2019-11-22,58.0,F,Jaipur,Standard,72,50.53,3638.16,1,16,10.0,0,
C00783,2021-03-01,60.0,,Kolkata,Standard,9,57.9,521.10,3,14,5.0,1,service
C00700,2020-03-14,36.0,Male ,Kolkata,Standard,70,37.1,2597.00,1,10,8.0,0,
C00476,2023-06-04,34.0,M,Kolkata,Basic,29,29.25,848.25,0,5,9.0,1,moved
C00682,2022-05-29,46.0,female,Bengaluru,Basic,6,29.44,176.64,2,10,7.0,0,
C00511,2019-09-26,19.0,M,Kolkata,Basic,28,38.02,1064.56,0,7,9.0,0,
C00059,2020-07-04,28.0,F,Kolkata,Basic,5,30.05,150.25,0,7,9.0,0,
C00475,2022-11-13,,M,Mumbai,Standard,58,,2137.88,1,6,10.0,0,
C00561,2022-11-18,37.0,female,Kolkata,Basic,68,24.05,1635.40,2,6,7.0,0,
C00857,2022-10-12,42.0,M,Mumbai,Standard,45,48.9,2200.50,0,3,10.0,0,
C00748,2023-05-25,44.0,F,Hyderabad,Basic,63,29.92,1884.96,1,4,7.0,0,
C00253,2023-09-29,,Male ,Chennai,Standard,25,41.3,1032.50,0,15,9.0,0,
C00022,2019-06-22,30.0,F,Pune,Premium,24,73.07,1753.68,3,2,,0,
C00314,2021-08-02,43.0,F,Chennai,Basic,29,33.8,980.20,0,10,10.0,0,
C00460,2019-09-05,38.0,M,Kolkata,Standard,42,58.14,2441.88,0,30,10.0,0,
C00161,2020-11-26,26.0,,Mumbai,Standard,46,44.3,2037.80,1,2,8.0,0,
C00277,2020-07-27,29.0,F,Kolkata,Basic,24,27.65,663.60,1,22,8.0,0,
C00956,2023-08-08,54.0,F,Bengaluru,Premium,46,59.79,2750.34,2,6,6.0,0,
C00192,2020-07-27,36.0,M,Kolkata,Basic,72,21.28,1532.16,0,4,7.0,0,
C00386,2020-08-11,,,Bengaluru,Standard,35,49.08,1717.80,1,8,9.0,0,
C00806,2020-09-15,51.0,female,Chennai,Basic,38,15.0,570.00,0,29,7.0,1,unknown
C00414,2019-05-14,47.0,Female,Kolkata,Basic,24,19.7,472.80,0,14,7.0,1,unknown
C00492,2022-09-02,42.0,M,Chennai,Premium,26,64.75,1683.50,1,15,8.0,0,
C00344,2022-12-27,43.0,male,Bengaluru,Standard,44,45.07,1983.08,0,16,10.0,0,
C00770,2021-11-15,58.0,F,Hyderabad,Basic,70,34.2,2394.00,1,10,8.0,0,
C00309,2019-10-26,45.0,male,Hyderabad,Premium,72,61.4,4420.80,1,20,6.0,0,
C00662,2020-07-18,38.0,M,Jaipur,Basic,38,23.18,880.84,2,11,6.0,0,
C00131,2022-11-24,33.0,M,Bengaluru,Premium,27,,1932.93,1,23,6.0,0,
C00664,2022-11-14,34.0,F,Jaipur,Basic,16,21.82,349.12,1,2,8.0,0,
C00872,2023-01-31,26.0,M,Kolkata,Standard,68,51.61,3509.48,0,21,6.0,0,
C00100,2023-10-24,27.0,M,Kolkata,Premium,71,57.07,4051.97,2,22,,0,
C00373,2021-03-22,48.0,F,Hyderabad,Basic,1,26.95, ,3,19,7.0,0,
C00088,2019-08-30,38.0,male,Pune,Premium,46,50.52,2323.92,2,22,6.0,0,
C00459,2023-05-14,42.0,Female,Chennai,Basic,7,18.99,132.93,2,10,7.0,0,
C00331,2022-01-12,56.0,F,Bengaluru,Premium,1,62.08, ,4,13,2.0,1,service
C00215,2023-08-16,34.0,F,Bengaluru,Basic,50,32.63,1631.50,1,3,10.0,0,
C00467,2019-06-06,34.0,Male ,Hyderabad,Basic,24,28.38,681.12,3,6,5.0,0,
C00122,2022-03-02,40.0,,Bengaluru,Basic,30,24.3,729.00,1,9,9.0,0,
C00615,2020-04-08,28.0,male,Bengaluru,Basic,37,15.93,589.41,1,9,8.0,0,
C00021,2019-06-28,36.0,M,Pune,Standard,64,46.99,3007.36,1,11,10.0,0,
C00701,2023-02-15,51.0,F,Hyderabad,Premium,48,53.02,2544.96,2,13,7.0,1,service
C00072,2021-09-14,24.0,F,Pune,Premium,64,61.53,3937.92,5,19,,0,
C00107,2022-03-27,27.0,Female,Bengaluru,Basic,8,36.28,290.24,2,15,5.0,1,competitor
C00271,2019-03-06,29.0,F,Mumbai,Standard,31,41.85,1297.35,4,6,4.0,0,
C00861,2019-03-20,26.0,M,Chennai,Premium,13,,924.43,1,12,7.0,0,
C00436,2019-07-11,31.0,M,Kolkata,Basic,9,37.61,338.49,3,23,6.0,1,competitor
C00103,2021-10-14,34.0,M,Jaipur,Premium,72,67.72,4875.84,0,13,9.0,0,
